author,ping_lun,publisher,title,tui_jian
王小波,328971条评论,北京十月文艺出版社,沉默的大多数（爱智慧、爱自由、反对愚蠢，读王小波的“上头之选”！依据王小波手稿、生前定稿修订多年讹误，SHOU度以读者视角排定蕞佳阅读顺序。）,"
    		王小波智慧之书！肖战朱一龙麦家李诞都在读王小波，独·家授·权，崭新编排，李银河审定。恢复《个人尊严》《域外杂谈·农场》等篇目初始文本！用沉默影响世界！    	"
Troll,98038条评论,海豚出版社,暖房子·屁屁侦探系列（套装共7册）,"
    		在日销量破百万册，阅读推广人绘本榜单常客！培养孩子专注力、观察力、幽默感和成就感的超人气解谜趣味绘本！幽默好玩的图画，层层相扣的情节，紧张且有逻辑的通关任务，超适合孩子的“杀时间”绘本！禹田文化出品    	"
刘润,87037条评论,机械工业出版社,底层逻辑：看清这个世界的底牌,"
    		著名商业顾问刘润为你准备的一整套思维框架，助你启动“开挂人生”。与50万学员、190万公众号读者一同学习底层逻辑，远离竞争、获得指数级成长、聪明地获得财富……在千变万化的复杂世界中如鱼得水。    	"
赖马,151579条评论,河北教育出版社,十二生肖的故事——首届丰子恺儿童图画书奖得主  赖马作品！,"
    		◆台湾趣味绘本大师赖马创作20周年纪念版 ◆中华文化经典、浓浓的年味、十足的中国风 ◆赖式幽默为你呈现令人捧腹的十二生肖故事！    	"
罗伯特·戴博德,1121536条评论,天津人民出版社,蛤蟆先生去看心理医生（年销200万册！英国经典心理咨询入门书，知名心理学家李松蔚强烈推荐）,"
    		2021年当当网销量No.1！入围《新京报》、豆瓣2020年度图书榜单；英国亚马逊五星评分、授权10个语言版本，自1997年起长销至今。童话版《自卑与超越》，将心理学知识巧妙融入故事情节。    	"
五味太郎,265477条评论,新星出版社,五味太郎：小金鱼逃走了,"
    		火遍小红书的五味太郎经典之作，日本销量达300万册。小金鱼逃走了，它会藏到哪呢？在寻找过程中提升宝宝的观察力、专注力和认知能力，感受探索乐趣，还能数学启蒙！益智书+玩具书+游戏书，育儿大V香蕉妈妈力荐    	"
哈尔·埃尔罗德,48575条评论,广东人民出版社,早起的奇迹,"
    		当当网“年度品质好书”；“十点读书”导师刘轩推荐；长踞亚马逊成长类图书榜首，8年畅销90多个国家，已被译成37种语言；《富爸爸穷爸爸》作者枕边书；独创6分钟早起计划，帮助数百万读者成为高效“晨型人”    	"
季羡林,75390条评论,百花洲文艺出版社,时间从来不语，却回答了所有问题（文学大师季羡林百岁人生的智慧精粹，未来不足惧，过往不须泣，只有时间才懂人心。）,"
    		季羡林写给年轻人的生命礼物！与大师共语，品味人生百态。愿你人间清醒，活得通透，过得舒心。人民日报倡导的生活态度！顺逆总平常，得失在人心。不辜负时光，是对自己ZUI大的尊重。    	"
脱不花,112955条评论,新星出版社,沟通的方法（畅销50万册 得到CEO脱不花为你准备的沟通心法，助你职场一路开挂。现在加入沟通的无限游戏吧）,"
    		团购电话:4001066666转6。30000+同学“亲测，好用”的沟通手册，自我提升/员工培训/亲友赠送的理想选择。全方位覆盖职场沟通场景，给你切实可行的解决方案。罗振宇作序，马东、杨天真等推荐。    	"
阿比吉特.班纳吉,191855条评论,中信出版社,【2019诺贝尔经济学奖得主作品】 贫穷的本质（修订版）：我们为什么摆脱不了贫穷,"
    		奇葩说席瑞推荐。探究穷人为什么无法摆脱贫穷的颠覆之作，诺贝尔经济学奖得主罗伯特.默顿·索洛、阿马蒂亚.森、《魔鬼经济学》作者列维特，《金融时报》《经济学人》《福布斯》等推荐    	"
莫言,247658条评论,浙江文艺出版社,生死疲劳（不看不知道，莫言真幽默！全新版本！印章版和普通版随机发货）,"
    		不看不知道，莫言真幽默！在极度痛苦时笑出声来，获得内心深处的解脱。收录全新再版序、莫言漫像、莫言题词，了解本书创作背后的故事！梳理人物关系图，清晰呈现主要人物关系！读客熊猫君出品    	"
张嘉佳,1344201条评论,湖南文艺出版社,云边有个小卖部（陆定昊诚挚推荐，随书附赠云边镇四季明信片和张嘉佳作词单曲彩蛋）,"
    		写给陪伴我们的人，写给每个人心中的山和海。如果你有时间打开，那请给我一个机会，陪伴你度过安静的阅读时光。随书附赠云边镇四季明信片和张嘉佳作词单曲彩蛋。    	"
余华,700562条评论,北京十月文艺出版社,活着（余华代表作，精装，易烊千玺推荐阅读。当当专享印签藏书票+限量赠珍藏复刻手稿）,"
    		余华代表作，DU家授权正版。限量赠·珍藏复刻手稿。人是为了活着本身而活着的，而不是为了活着之外的任何事物而活着。    	"
余秋雨,26229条评论,北京联合出版有限公司,文化苦旅（余秋雨定稿版 ，作者直接授权，逐字修订！ ）,"
    		30周年纪念作者亲定版，变动篇幅接近50%，重新收录《白发苏州》《青云谱》等14篇经典名作！    	"
歪歪兔关键期早教项目组,369428条评论,海豚出版社,歪歪兔逆商教育系列图画书合集全20册（儿童情绪与行为引导培养，逆商培养挫折教育，歪歪兔童书馆出品）,"
    		全20册，20个挫折情境，20个解决办法，帮孩子直面困难和压力，学会解决问题。2-6岁儿童逆商培养系列经典绘本。情绪管理与性格培养，帮孩子坚强自信、勇敢面对挫折，入学焦虑绘本，入学准备。    	"
安东尼,845136条评论,河北教育出版社,我爸爸+我妈妈（全2册）——清华附小推荐经典儿童绘本 ！（启发童书馆出品）,"
    		★多年入选小学推荐阅读书目★清华附小推荐★邓超微博推荐的绘本上线啦：《我不敢说，我怕被骂》《我喜欢自己》《是谁嗯嗯在我的头上》《爱打嗝的斑马》 邓超微博强烈推荐  新的一年带给孩子更多勇气和自信绘本    	"
露易丝·海,95643条评论,北京联合出版公司,心的重建(5周年纪念版，加赠精美笔记本*1+书签*2)：生命中的失去，就是重整命运的机会,"
    		张德芬强烈推荐！“全民阅读”的先行者樊登读书会热泪推荐！ 3000万畅销书心灵导师露易丝.海继《生命的重建》后再献生命圣经！每个人一生中发生很多故事，每个故事会开始也会结束，但爱永不会结束。    	"
弗雷德里克·巴克曼,587968条评论,天津人民出版社,外婆的道歉信（外婆说，要大笑要做梦要与众不同。人生是一场伟大的冒险。销量突破100万册。随书附赠一封神秘道歉信）,"
"
罗翔,67221条评论,中国法制出版社,圆圈正义,"
    		B站粉丝逾2000万的罗翔教授讲解法律义理、评说热点案件、分享求学感悟。得到APP创办人罗振宇强烈推荐，政法学院学子人手，全专业新生推荐阅读。    	"
张嘉骅,1183877条评论,青岛出版社,少年读史记（套装全5册）,"
    		精巧32开本。荣获第六届中华优秀出版物奖 ；史学、文学、哲学、国学一次到位，台湾著名儿童文学作家张嘉骅倾力打造更适合孩子阅读的《史记》！    	"
兰小欢,83538条评论,上海人民出版社,置身事内：中国政府与经济发展（罗永浩、罗振宇、何帆、刘格菘、张军、周黎安、王烁联袂推荐，复旦经院毕业课）,"
    		得到年度书单Top10！从微观机制到宏观现象，双重维度认识中国经济中的政府。搭建经济学理论与中国发展实际之间的桥梁，打通学界前沿研究与业界实证案例，解锁看懂政经消息的全新视角！    	"
陈磊,86082条评论,文汇出版社,半小时漫画中国史1-5（全5册）（中国史大结局！笑着笑着，大清就亡了！漫画科普开创者混子哥陈磊新作！）,"
    		中国史大结局！混子哥新作！全网粉丝1500万！看半小时漫画，通五千年历史！其实是一本严谨的极简中国史！笑着笑着，大清就亡了！翻开本书，在笑出腹肌的同时通晓历史！读客熊猫君出品    	"
福田纯子,118242条评论,海豚出版社,心灵教科书绘本系列：西兰花先生的理发店（教会孩子：敢于打破常规思维，培养创新意识）丁虹绘本馆出品[3-6岁],"
    		日本精选绘本大赛优 秀奖得主福田纯子倾情奉献。知名阅读推广人、中科院儿童心理学专家徐静琰真诚推荐。教会孩子：敢于打破常规，培养创新意识；告诉大人：有时候，孩子也是我们的老师。附赠大幅实用导读。    	"
宫西达也,524865条评论,２１世纪出版社,宫西达也恐龙系列全套7册（你看起来好像很好吃+我是霸王龙等）,"
    		各大绘本馆镇馆之宝！宫西达也作品《你看起来好像很好吃》《*爱的 ，是我》《我是霸王龙》《你真好》《永远永远爱你》《我爱你》《遇到你，真好》共七册简装版绘本。温馨故事传达爱的意义，情感教育引领孩子成长    	"
杨其铎,478481条评论,湖南科技出版社,四五快读 全彩图升级版——幼儿快速识字阅读法（全8册）(让孩子爱上阅读 快乐识字)[精选套装],"
    		全书介绍约640个汉字，1712个词组，由浅入深，从字、词、句到短文，故事，轻松掌握自主阅读的能力    	"
黄仁宇,808684条评论,生活.读书.新知三联书店,万历十五年 一本好书 腾讯视频栏目推荐,"
    		（《人民的名义》多次提到《万历十五年》，为什么这么多人研究呢？三联书店出版黄仁宇先生的成名代表之作。万历十五年是大明王朝的转折点，腐败、敷衍，社风奢靡，都是悄悄埋葬大明王朝的导火线，值得当下深思。）    	"
顾诚,50311条评论,北京日报出版社,南明史（全2册）（内斗就要亡国，亡国也要内斗！从南明的灭亡，看透人性的荒唐！荣获中国国家图书奖，明史大家顾诚代表作）,"
    		内斗就要亡国，亡国也要内斗！从南明的灭亡，看透人性的荒唐！荣获中国国家图书奖，北京市哲学社会科学优秀成果一等奖。明史大家顾诚代表作，豆瓣9.3分，不可不读的史学经典，读客熊猫君出品    	"
阎真,117414条评论,北京十月文艺出版社,沧浪之水（某瓣8.5分，入围茅盾文学奖。职场小白、考公人的启蒙之书。胡军、于和伟主演电视剧岁月原著。2021版）,"
    		阎真长篇小说代表作，长销20年。一本可以帮你找到立足之地的人生之书。每个迷茫的职场人，都能在这本书中找到答案。胡军、于和伟主演高分国剧原著。    	"
陀思妥耶夫斯基,43724条评论,台海出版社,罪与罚（“俄罗斯文学天才”陀思妥耶夫斯基成名之作，人能从洁白里拷打出罪恶，也能从罪恶中拷打出洁白）,"
    		（一个关于忏悔、救赎和信仰的故事，不可不读的陀氏小说经典。《纽约时报》将《罪与罚》评为“世界10部文学经典”，福克纳、加缪、卡夫卡、高尔基、鲁迅、村上春树推崇备至。）    	"
卡勒德·胡赛尼,1054054条评论,上海人民出版社,追风筝的人（李雪琴、高圆圆动情推荐，《纽约时报》畅销书榜上榜超100周）,"
    		李雪琴、高圆圆动情推荐，窦靖童创作灵感的来源，朱一龙、张一山深情诵读，为你千千万万遍！    	"
孟元老,10509条评论,三秦出版社,东京梦华录（戴建业教授推荐版。文字版《清明上河图》，再现大宋汴京盛景，全彩56幅宋画插图，千年前繁华都市的旅行指南）【果麦经典】,"
    		一部纸上纪录片，附完整版《清明上河图》，66幅《清明上河图》高清细节图随文彩插，揭秘千年古画掩藏的秘密和传奇，译文+生僻字注音+注释，丰富、有趣、美，重回汴京，感受千年前的都市文明和风雅。果麦出品    	"
法律出版社,161605条评论,法律出版社,中华人民共和国民法典(32开压纹烫金版 附草案说明)2021年1月起正式施行  团购电话：4001066666转6,"
    		团购电话：400-106-6666转6。民法典是新中国以“法典”命名的法律，是新时代我国社会主义法治建设的重大成果，是为百姓生活量身定制的权利宝典。自2021年1月1日起施行。    	"
刘琳,74583条评论,古吴轩出版社,逻辑表达力:说话缜密有趣，一句顶一万句,"
    		人际沟通达人刘琳全新力作，开创简单有效的逻辑口才训练。凝聚戴尔·卡耐基、罗曼·罗兰、约翰·R·斯托克等人的说话精进技巧，帮你提升表达力，一句能顶一万句    	"
柏拉图,293178条评论,中国华侨出版社,理想国,"
    		（畅销普及版）（荣登清华大学图书馆借阅榜榜首。各大榜单力荐，高知学霸热读。）    	"
莫言,155849条评论,浙江文艺出版社,丰乳肥臀（莫言用情极深的长篇代表作，女性苦难史）,"
    		莫言心目中的代表作，诺奖评委认证“莫言尤为卓越的小说”。献给天下母亲的恢宏史诗。一个家族，见证中国苦难更迭。一个故事，读懂中国百年沧桑    	"
趣哥,199358条评论,台海出版社,趣说中国史：如果把中国422位皇帝放在一个群里，他们会聊些什么？,"
    		200万账号达人趣哥的趣味历史系列更文，把中国422位皇帝放在一个群聊里，用诙谐的语言讲透厚重的历史！全彩印刷，原创帝王画像，爆笑表情包！搞笑我们是正经的，讲述历史我们是认真的！    	"
王旭烽,17563条评论,浙江文艺出版社,望江南（你一句春不晚，我就到了真江南。茅奖得主王旭烽，沉潜26年，最新长篇小说力作。）,"
    		在一片叶子的乾坤中，品饮世间人情，体悟命运流转。茶人精神、江南文化、家国情怀，  见证个人史、家族史、民族史中的百年中国。    	"
伊丽莎白·弗迪克,430681条评论,贵州教育出版社,手不是用来打人的（儿童好品德系列，全5册）孩子多读就见效的习惯养成书，缓解新手爸妈育儿焦虑，王志庚、孙莉莉、朱爱朝推荐,"
    		《手不是用来打人的/语言不是用来伤人的/细菌不是用来分享的/尾巴不是用来扯的/嗓门不是用来嚷嚷的》，帮助孩子建立规则，修正行为，养成终身受益的好习惯、好品德，美国国家育儿中心专业认证（步印童书馆）    	"
肖克之,194118条评论,北京联合出版有限公司,二十四节气自然绘本 让孩子了解自然的瞬息万变 科普百科绘本,"
    		详细了解冬奥会上出现的二十四节气。中国农业博物馆研究馆员给孩子的节气百科绘本，为孩子讲述节气的农事、民俗、诗词、美食、节日、游戏、动植物和神话传说。画给孩子的节气启蒙书。    	"
夏洛蒂勃朗特,261484条评论,作家出版社,简爱（英国女作家夏洛蒂·勃朗特的长篇小说，翻译家宋兆霖未删节全译本）,"
    		女性独立自尊的永恒楷模    	"
刘晓辉,87341条评论,台海出版社,非自然死亡：我的法医笔记（法医秦明冠名推荐，15年法医生涯，19宗真实案件改编。全网阅读超1亿人次！）,"
    		法医秦明冠名推荐，15年专业法医破案笔记！杀妻骗保、保鲜膜裹尸等19宗真实案件；煮骨测龄、尸僵断时等23种法医手段；法医人类学、法医昆虫学等37门专业知识！随书附赠法医知识手册。    	"
朗达·拜恩,208809条评论,湖南文艺出版社,秘密（经典身心灵励志读物，为人生带来喜悦转变的能量之书，“吸引力法则”三部曲扛鼎之作。）,"
    		2018精装升级版。杨澜、毕淑敏、潘石屹、孙俪、大S、江一燕、张艺兴、陈伟霆等都被“秘密”吸引，不可错过的能量之书。全球销量突破1500万册！新增朗达十年来运用秘密的全新体验。    	"
山姆·麦克布雷尼,133561条评论,明天出版社,信谊世界精选图画书-猜猜我有多爱你,"
    		荣获《出版人》“2019书业年度评选年度畅销书。销量破5000万册，亲子共读书单上不可缺少的一本绘本，开启中国孩子的图画书阅读时代（央视【朗读者】节目第9期奥运冠军邹市明，冉莹颖一家四口甜蜜朗读）    	"
东野圭吾,337817条评论,南海出版公司,放学后（东野圭吾成名作）,"
    		东野圭吾成名作，梦开始的地方，获江户川乱步奖，中文版销量超过100万册。什么时候人们在意的不是钱，而是友情、爱情、身体、容貌、回忆和梦想？    	"
余秋雨,667449条评论,长江文艺出版社,文化苦旅（文化导师余秋雨开山之作，逐字修订！）,"
    		余秋雨逐字修订版！余秋雨授权认定并题写书名。持续30年市场认定、千万读者热赞的口碑经典。《都江堰》《莫高窟》等多篇文章入选中学课本，一部中国文化的珍贵飨宴，深刻影响三代华人价值观    	"
梅耶·马斯克,80157条评论,中信出版社,人生由我：比“硅谷钢铁侠”埃隆·马斯克更酷的硬核母亲。励志版“向前一步”,"
    		杨天真推荐！比“硅谷钢铁侠”埃隆·马斯克更酷的硬核母亲。邓文迪、叶云燕、脱不花、张萌、曾焱冰、远渡重洋击掌推荐！    	"
丹尼尔·利伯曼,16190条评论,中信出版社,贪婪的多巴胺（爱情、欲望、精神、未来，是的，多巴胺都能做到！人类的未来，或许就写在这小小的欲望分子中）,"
    		新世代独立图书奖|脑科学家大卫·伊格曼&神经学家维兰努亚·拉玛钱德朗推荐|用通俗的语言、鲜活的案例讲述多巴胺如何影响人的情绪、行为和习惯    	"
刘兴诗,65576条评论,青岛出版社,少年读徐霞客游记（游中国·地理启蒙，全3册）,"
    		立大志，学地理，知天下！汇集中国地理启蒙、旅行常识、山川河流、岩石洞穴、人文历史，让阅读更丰富，让旅行更精彩，让梦想更美好！    	"
余华,310833条评论,北京十月文艺出版社,文城（余华新书，时隔8年重磅归来，《活着》之后又一精彩力作）,"
    		余华时隔8年重磅新作！写《活着》的余华又回来了！人生就是自己的往事和他人的序章。关于一个人和他一生的寻找，以及一群人和一个汹涌的年代。精彩过瘾，不负等待！易烊千玺挚爱作家。    	"
东野圭吾,2479547条评论,南海出版公司,东野圭吾：解忧杂货店（胡歌、王俊凯、刘昊然倾情推荐，简体中文1000万册纪念版）,"
    		东野圭吾代表作，1000万册纪念版，写给拥有无尽梦想与烦恼的你。现代人内心流失的东西，这家杂货店能帮你找回。东野圭吾特别寄语中国读者。    	"
赫尔曼·黑塞,88632条评论,天津人民出版社,悉达多（译者姜乙翻译）【果麦经典】,"
    		诺贝尔文学奖得主黑塞代表作。人独自行过生命，蒙受玷污，承担罪过，痛饮苦酒，寻觅出路。关于一种经历与体验，时间与轮回，精神与肉体，是一种证悟，更是一首生命之诗。少年时请读黑塞    	"
兰梦醒,201707条评论,北京理工大学出版社,孩子读得懂的山海经（共3册）神话+神兽+异人国,"
    		冰心儿童文学奖获奖作家，用270个新故事，再塑山海经宇宙 +三位大师级获奖插画师，原创300幅画作，再现山海经灵魂    	"
万特特,51709条评论,新世界出版社,这世界很好，但你也不差（打破满意度低幸福感差，这世界真叫人疲倦的死循环。万特特全新作品，《这世界很烦，但你要很可爱》姊妹篇）,"
    		用“这世界很好但我也不差”的自信VS “生而为人我很抱歉”的软弱。20个不知所措的难题，20篇反复再读的故事，20种不同以往的活法，20个原来如此的答案。附赠4张插画明信片+书签    	"
袁了凡,136252条评论,三秦出版社,果麦经典：了凡四训（“我命由我不由天！”曾国藩、胡适、稻盛和夫推崇的生活方式手册；费勇教授精美译文）,"
    		命由我作，福自己求。胡适，稻盛和夫提倡阅读的生活方式手册。《金刚经修心课》作者费勇教授精美译文。袁了凡毕生感悟和盘托出，毫无保留。贯通儒释道，渊博而浅易的国学典籍。 果麦出品    	"
瑞·达利欧,11837条评论,中信出版社,原则2：应对变化中的世界秩序 瑞·达利欧著,"
    		桥水创始人、《原则》作者 瑞·达利欧全新力作。2022，复杂时代的不变算法。对未来做出相对正确的预测，为人生决策下注    	"
乔安娜柯尔,1685032条评论,贵州人民出版社,神奇校车·图画书版（全12册，新增科学博览会1册）,"
    		用孩子喜欢的方式讲自然科学！和卷毛老师一起出发，搭乘神奇校车，在一次次不可思议的神奇之旅中，带孩子们体验原理、学会操作、懂得思考、爱上科学。情节惊险刺激，语言生动爆笑，知识清晰严谨。（蒲公英童书馆）    	"
毛姆,1364220条评论,浙江文艺出版社,作家榜经典：月亮与六便士（全新未删节插图珍藏版！毛姆写给年轻人的梦想之书！满地都是六便士，他却抬头看见了月亮！）,"
    		此译本荣获2017年度豆瓣阅读总榜桂冠！连续4年横扫当当世界名著畅销榜！开创1362562条真实口碑热评！认准诗人徐淳刚经典全译本！译自英国原版！读者好评如潮！谨防山寨仿冒！    	"
尤瓦尔·赫拉利,736455条评论,中信出版社,人类简史：从动物到上帝（第十届文津奖作品。颠覆认知，刷新世界观！我们的过去尽在此书！尤瓦尔赫拉利著，新老版封面随机发）,"
    		《人类简史》十周年畅销纪念版，作者新版序言+全新修订，精美装帧设计全新阐释，打破学科边界，融合多学科领域知识。    	"
李玫瑾,77099条评论,上海三联书店,心理抚养,"
    		著名犯罪心理学家，中国关心下一代工作委员会委员，中国预防青少年犯罪研究会副会长，中国家庭教育学会常务理事李玫瑾老师继《幽微的人性》之后重磅新作。    	"
王国维,580609条评论,北京联合出版公司,人间词话（王国维先生的代表作，近代较富盛名的词话著作）,"
    		王国维先生所谓“境界”：“昨夜西风凋碧树，独上高楼，望尽天涯路。”“衣带渐宽终不悔，为伊消得人憔悴。”“众里寻他千百度，蓦然回首，那人却在，灯火阑珊处。”    	"
茨威格,129156条评论,江苏凤凰文艺出版社,人类群星闪耀时（14个改变人类命运的天才，14个影响人类文明的瞬间！全新精装彩插导读详注版！）（读客经典文库）,"
    		传记之王茨威格享誉世界之作！余华、高圆圆都曾被这本书打动！14篇专业导读，15张全彩插图，2080个详细注释！附赠群星地图，震撼呈现影响人类文明的100个历史瞬间！读客熊猫君出品    	"
莫言,4281条评论,江苏凤凰文艺出版社,莫言的奇奇怪怪故事集（或许只有莫言这么大的脑洞，才能带你去人性深幽处探险！诺奖得主莫言作品！莫言亲自参与编选）,"
    		本书收录莫言笔下18篇奇奇怪怪的中短篇故事，特别收录莫言书法题词、莫言手稿、莫言漫画头像、莫言演讲稿！特别赠送原创故事海报！诺贝尔文学奖颁奖词：莫言的想象力超越了人类存在本身！    	"
余华,26982条评论,北京十月文艺出版社,在细雨中呼喊（精装版）,"
    		央视《朗读者》推荐，余华长篇小说，2018新版精装典藏。    	"
卡罗尔·德韦克,289651条评论,江西人民出版社,终身成长：重新定义成功的思维模式,"
    		樊登。比尔·盖茨撰文推荐，颠覆传统成功学观点，影响美国校园教育的创新理念。国内销量突破100万！    	"
豆豆,385861条评论,作家出版社,遥远的救世主（天道原著王志文主演电视剧畅销遥远的救世主作者豆豆三部曲之一）,"
    		豆瓣评分9.2分国产神剧《天道》原著小说    	"
安托万·德·圣埃克苏佩里,1505304条评论,天津人民出版社,小王子（罗翔老师推荐阅读，李继宏口碑译作，作者基金会官方认证简体中文版）【果麦经典】,"
    		新旧版本封面随机发货。法国“圣埃克苏佩里基金会”官方认证，正版图片库支持，翻译家李继宏力作，制作精美，王一博、宁静优选版本，一部写给所有人的童话，万字导读彩插带你真正读懂小王子。果麦出品    	"
刘兴诗,25844条评论,青岛出版社,少年读山海经（地理+神话+怪兽+奇闻+古文，套装 全3册 ）,"
    		当代地质学家刘兴诗，以地理启蒙\文化认知\原典精读的视角，融合多学科知识，给孩子讲读一部完整的《山海经》！    	"
余秀华,137508条评论,北京十月文艺出版社,月光落在左手上（精装珍藏版）,"
    		精装珍藏版 经典诗歌+新作 全彩图片展示诗人生活创作环境，陈冲 罗新 詹青云 程璧推荐    	"
东野圭吾,820199条评论,南海出版公司,恶意（东野圭吾四大杰作之一。最大的恶意不是杀了你，而是毁了你。颠覆推理，直面人性深渊！2022新译本）,"
    		东野圭吾高口碑名作！赌上全部人生也要贯彻到底的恶意，究竟从何而来？与《白夜行》《嫌疑人X的献身》《解忧杂货店》并称四大杰作。越接近真相，越不寒而栗！中文版发行量超350万+册。    	"
马德琳·英格,256742条评论,文汇出版社,梅格时空大冒险·7~14岁儿童文学科幻经典（全5册）银河的裂缝 等5册儿童文学史上家喻户晓、不可逾越的经典,"
    		儿童文学史上家喻户晓、不可逾越的经典！纽伯瑞儿童文学金奖、美国国家图书奖作品！被BBC评为100年来10本伟大的童书之一。其中《时间的折皱》被迪士尼拍成同名电影。亲近母语六年级！小读客出品    	"
克利斯提昂,908708条评论,二十一世纪出版社,不一样的卡梅拉手绘本（1-12册）,"
    		读不一样的卡梅拉，成就与众不同的你！儿童绘本    	"
赫尔曼·黑塞,24469条评论,民主与建设出版社,悉达多（诺贝尔文学奖得主赫尔曼·黑塞的代表作，德文直译，原版呈现。）,"
    		(被译成60多种语言，畅销全球70年。无数年轻又迷惘的灵魂，都从黑塞的作品中窥见了生命的真谛、找到自我！)    	"
初禾初,9152条评论,百花洲文艺出版社,风情不摇晃·典藏纪念版 （深情而危险的荆复洲VS清纯又美艳的安愿，新增四则番外，随书附赠明信片+歌词本+电影票+Q萌贴纸）,"
    		正义不可扭曲，信仰亦不可臣服于儿女私情    	"
杨绛,1539565条评论,生活.读书.新知三联书店,我们仨（新版）,"
    		《我们仨》杨绛以简洁而沉重的语言，回忆先她而去的女儿钱媛、丈夫钱钟书，回忆一家三口那些快乐而艰难、爱与痛的日子。家庭是一生的庇护所，生命的意义不会因为躯体的生灭而有所改变。三联书店出版    	"
李柘远,161900条评论,北京联合出版有限公司,学习高手（90后哈佛耶鲁高分毕业生超实用学习法）,"
    		一本教会你如何学习的书。李柘远（学长LEO）继《不如去闯》后新作。5大模块，30节大课，100+精进方法和独家学习经验，陪你一起终身学习。书内独享LEO妈妈万字分享。朱永新、康辉、蔡康永诚意推荐    	"
曹德旺,98793条评论,人民出版社,心若菩提(增订本),"
    		(增订本 曹德旺个人传记，第92届奥斯卡*纪录片奖《美国工厂》原型人物)    	"
斯蒂芬·茨威格,137152条评论,时代文艺出版社,人类群星闪耀时（无删减全译本。《一个陌生女人的来信》作者茨威格的传记杰作，14位时代英雄，14个人类命运攸关的历史时刻）,"
    		14个人类历史关键时刻的选择与命运，一瞬间的选择，却是人类命运的转变。    	"
刘慈欣,646988条评论,浙江教育出版社,银火箭少年科幻系列·第1辑（8册。“雨果奖”得主、三体作者刘慈欣主编，套装内作者作品曾获银河奖特等奖等多项国际大奖）,"
    		8位科幻界大咖重磅之作，星球危机、生化实验、虚拟空间、非人类生命四大经典主题，帮助孩子建立系统科幻框架（9岁以上）    	"
蔡崇达,1249590条评论,天津人民出版社,皮囊（400万册纪念版，直面人生的难题，刻在骨头里的故事，容纳一个个既失去家乡又未到达远方的生命）,"
    		爆炸贴400万册或350万册随机发货。刘德华、韩寒、白岩松推荐。书封采用具有肌肤质感的SKINS纸。命运是一条闪闪发光的金色河流，我们卸下皮囊，以心相交。果麦出品    	"
季羡林,6042条评论,读者出版社,当下即是生活 （是季羡林百年生命智慧《心安即是归处》的续篇，全面收录季羡林自1933年到2006年作品精华。央视《朗读者》多次动情朗读本书名篇）,"
    		季羡林写给万千青年人——当下的力量！《朗读者》多次朗读书目，跨四代人共读心灵读本，一本书阅尽大师智慧精华！配老树画画精美插图，赠唯美书签一枚。愿你回归生活的本来面目，从日常生活中汲取生命的力量。    	"
郝娟菡,180852条评论,四川人民出版社,跟着诗词去旅行 图说天下 寻梦之旅,"
    		跟着唐诗去旅行 诗风词韵，装帧着流年的水色山光。与诗词相伴，共游湖光山色，静看岁月往来。    	"
米歇·戴斯玛克特,42524条评论,作家出版社,海奥华预言中文版（米歇戴斯玛克特讲述地球人外星游记外观地球内视生命灵性预言性科幻小说作家出版社）,"
    		地球人的外星游记，外观地球的古往今来，内视自身生命，生命灵性。    	"
约恩·卡尔曼·斯特凡松,8263条评论,四川文艺出版社,鱼没有脚（布克国际文学奖提名作品）,"
    		2017年布克国际奖提名作品/小红书同款治愈书籍/诺贝尔文学奖候选人、冰岛桂冠诗人约恩·卡尔曼·斯特凡松的文学力作！世界上痛苦的事情一定是不曾尽力去爱...    	"
日向理惠子,73857条评论,新星出版社,下雨的书店（全4册）,"
    		穿过书架迷宫，欢迎来到下雨的书店，经历不可思议的冒险，让每个孩子都成为想象大师，在书的世界里寻找自己的故事。中国童书榜年度100佳童书，日本小学语文，读者眼中适合拍成宫崎骏动画的儿童幻想小说    	"
皮姆,546750条评论,北京联合出版公司,我不敢说，我怕被骂——邓超微博推荐的绘本 带给孩子更多勇气和自信的绘本！,"
    		★超级奶爸邓超微博推荐的绘本：《我不敢说我怕被骂》《爱打嗝的斑马》《我喜欢自己》《是谁嗯嗯在我的头上》：坦诚面对自己，是需要勇气的事。经典畅销绘本 我爸爸我妈妈、大卫系列、花婆婆、奥莉薇系列、大脚丫系    	"
亚历克斯·希勒,291277条评论,北京联合出版有限公司,天蓝色的彼岸,"
    		如果可以，请好好说再见！儿童生命教育的经典范本。被联合国教科文组织赞誉为“21世纪伟大的生命寓言”。马伯庸、梅子涵、安妮宝贝、周国平感动推荐。全球畅销逾一千万。（禹田文化出品）    	"
杨本芬,44983条评论,北京联合出版有限公司,秋园（女性版《活着》，80岁素人作家不朽名篇，横扫国内十二项文学大奖）,"
    		八旬老人讲述“妈妈和我”的故事，展现两代中国女性生生不息的坚韧与美好，母女俩共谱深情与催泪之作。女性版《活着》，坦露女性的勇气、反抗与救赎。（其他作品：《浮木》《我本芬芳》）    	"
五味太郎,54195条评论,贵州人民出版社,语言表达第一课（全4册）,"
    		绘本奇才五味太郎代表作，简单的字句和巧妙的创意，展现语言的乐趣， 刺激学语期孩子的表达欲望，培养孩子的语言表达力！（蒲公英童书馆出品）    	"
斯塔夫里阿诺斯,441637条评论,北京大学出版社,全球通史:从史前史到21世纪（第7版修订版上下册，赠送全球通史主题笔记本）,"
    		中国畅销200万册，修订版新增数百幅珍贵的图片和脉络清晰的地图。你将看到一个从来就存在，却被大多数人无视的真实世界。    	"
马可.奥勒留,353633条评论,中央编译出版社,沉思录,"
    		被当当网授予“2008年度成长奖”，《沉思录》荣踞中国新闻出版报全国优秀畅销书榜首、荣获京华时报年度社科好书*名、荣获新京报年度好书、荣获搜狐读书十大好书（非文学类）称号    	"
冯友兰,49388条评论,民主与建设出版社,中国哲学简史(著名哲学家冯友兰畅销数百万册的经典。指引人生，充满洞见，了解中国哲学与中国文化。季羡林、李慎之、陈来推荐),"
"
博多·舍费尔,244457条评论,中信出版社,小狗钱钱（套装2册）（附赠免费亲子财商课+理财秘籍思维导图）,"
    		欧洲巴菲特”博多·舍费尔完满人生秘籍，全球畅销超20年、销量超500万册《小狗钱钱》经典套系，附赠财富秘籍思维导图+免费亲子财商课！    	"
北溟鱼,98693条评论,天津人民出版社,长安客（张颂文推荐，大唐版《人类群星闪耀时》，李白、杜甫、王维、白居易、元稹、柳宗元、刘禹锡、李商隐，八位诗人的命运特写）,"
    		他们是诗国闪耀的群星，他们是长安城里忧伤的年轻人。创造微博700万超级阅读量，当年长安城里的诗人，也和我们一样年轻又迷茫。果麦出品    	"
李尚龙,13508条评论,贵州人民出版社,对你，一切都计较，一切都原谅,"
    		李尚龙、卢思浩、宋小君、小川叔等作品，描摹爱情中那些铭刻入骨的喜悦与悲伤、失落与成长。爱让我们不像自己，爱让我们找到更好的自己。    	"
孙蓓,52585条评论,人民邮电出版社,小羊上山儿童汉语分级读物第1级（10册套装）,"
    		阅读识字法宝来了！中国原创汉语分级读物《小羊上山》，让孩子一看就懂，零起点学会独立阅读，快速掌握学前核心480字，轻松度过幼小衔接关键期！多领域专家、作者联手幼儿园一线老师团队给中国孩子匠心打造！附赠    	"
余华,142582条评论,作家出版社,在细雨中呼喊（余华活着许三观卖血记兄弟文城长篇代表作之一作家出版社）,"
    		余华的每一部长篇小说，都震撼着一批又一批的读者。他的长篇小说是中国当代文学中的经典之作。    	"
斯蒂芬·茨威格,64404条评论,上海文艺出版社,果麦经典：人类群星闪耀时（小米之父雷军、易中天、冯唐推荐！茨威格名作，十四篇历史特写：当改变命运的时刻降临，犹豫就会败北！),"
    		茨威格代表作品，德文直译无删节版。万人评价豆瓣高分作品，9.4分《悉达多》译者姜乙三年打磨倾情献译。14个扭转乾坤的关键时刻，14个决定命运的英雄瞬间。果麦出品    	"
毛姆,83591条评论,江西人民出版社,面纱（50岁时毛姆写下这个近乎完美的爱情故事，因为每个人都在故事中找到了自己）,"
    		这本小说讲述了爱情中所有的不美好：背叛、猜忌、报复，还有我们终将面对的离别与自我救赎。 毛姆以他冷静得近乎刻薄的方式，将一个女人的堕落与觉醒刻画得淋漓尽致。果麦出品    	"
加西亚·马尔克斯,2080953条评论,南海出版公司,马尔克斯：百年孤独（50周年纪念版）,"
    		新版典藏内封。加西亚·马尔克斯代表作，惟一正式中文版，未作任何删节，发行量超800万册！    	"
约翰·史崔勒基,143583条评论,天津人民出版社,世界尽头的咖啡馆（做决定前读一遍，少走弯路！美国57所高校指定研讨读物）,"
    		心理自助经典，通透生活指南。读完后辞职率超高的一本奇书。被翻译成39种语言，连续4年盘踞德国亚马逊年度畅销总榜。果麦出品    	"
薛兆丰,330606条评论,中信出版社,薛兆丰经济学讲义,"
    		新老版本封面随机发货。奇葩说导师马东、蔡康永、高晓松等力荐，马化腾、罗永浩、罗振宇、徐小平等都在上的经济学课，撕掉“经济学”吓人表象，用有趣的经济学助你看懂经济    	"
古斯塔夫·勒庞,694824条评论,民主与建设出版社,乌合之众 : 大众心理研究（群体心理学创始人古斯塔夫·勒庞代表作之一。极简翻译文风，语言深入浅出，减少艰深晦涩）,"
    		群体心理学奠基之作，弗洛伊德誉之为“当之无愧的名著”，影响罗斯福、戴高乐等政要。中科院心理学硕士马晓佳2018全译本。    	"
柏拉图,26493条评论,华夏出版社,苏格拉底的申辩,"
"
渡边淳一,430746条评论,青岛出版社,钝感力（渡边淳一经典励志大作！央视新闻、《奇葩说》鼎力推荐，马东、蔡康永、杨天真、王俊凯推荐书目。写给易因小事敏感，什么都往心里去的人。),"
    		文学大师渡边淳一75载人生智慧，世界狂销600万册。写给易因小事而动摇、敏感、什么都往心里去的人。帮你玩转人际关系，缓解焦虑情绪，排遣工作压力。当当励志榜、人民日报/光明网，多位跨界名人书单。    	"
小川糸,184437条评论,湖南文艺出版社,山茶文具店（陆定昊诚挚推荐，日本畅销作家小川糸备受好评暖心之作）,"
    		日本全国700多家书店店员投票选出的*想卖的书！ 2016、2017连续两年获日本“书店大奖”重推！日本畅销作家小川糸备受好评暖心之作！内附作者亲笔书信！执笔写下说不出的话，与思念之人见字如面。    	"
丰子恺,609659条评论,华中科技大学出版社,丰子恺万般滋味，都是生活,"
    		小红书热门推荐！畅销70万+册，当当50万+好评，豆瓣9.0分高分，央视两度推荐，全网口碑相传。献给曾是孩子的你。愿你永葆童真，并乐此不疲，去生活！赠精美书签1枚，明信片随机1张！    	"
保罗·柯艾略,606037条评论,北京十月文艺出版社,牧羊少年奇幻之旅（央视《朗读者》、湖南卫视《天天向上》、李现、黄轩、TFBOYS、高圆圆推荐，能改变一个人一生的书）,"
    		一部能改变一个人一生的书，语种超过《圣经》，畅销170个国家，销量6500万册。当你想要某种东西时，整个宇宙会合力助你实现愿望    	"
张宏杰,101438条评论,民主与建设出版社,曾国藩传（张宏杰新作）,"
    		张宏杰继《曾国藩的正面与侧面》系列畅销百万册后突破之作。一个持续奋斗者的升级之道。从笨人到圣人，经历五次耻辱，如何步步升级，脱胎换骨？曾国藩的故事，读这一本就够了！    	"
贾雷德·戴蒙德,26266条评论,中信出版社,枪炮、病菌与钢铁（赠解读册）,"
    		人类大历史开山之作；美国普利策奖、英国科普奖获奖作品；全面增补、校订译文；作者亲笔撰写中文出版序；附赠《解读册》，陈嘉映、赵鼎新、高毅、钱颖一、俞敏洪、吴军、梁文道、严飞、郝景芳等15位专家倾力解读    	"
艾瑞克·利温,314264条评论,文汇出版社,皮特猫·3~6岁好性格养成书：第一辑（共6册）（乐观、积极、开朗……荣获19项大奖的好性格榜样，在美国家喻户晓）,"
    		“皮特猫哭了吗？不，他才不哭哪。” 美国儿童图书馆协会推荐，荣获苏斯博士银奖等19项童书大奖，《纽约时报》畅销书，在美国家喻户晓，几乎每个孩子都在读。好性格养成就看这一套！小读客出品    	"
M.斯科特·派克,189986条评论,北京联合出版有限公司,少有人走的路：心智成熟的旅程（白金升级版）,"
    		一本人人可读，人人可受益的心灵读物    	"
安德斯·艾利克森,338979条评论,机械工业出版社,刻意练习：如何从新手到大师,"
    		杰出不是一种天赋，而是一种人人都可以学会的技巧！迄今发现的更强大学习法，成为任何领域杰出人物的黄金法则！    	"
苏方,1607条评论,上海文艺出版社,暴雨下在病房里（单读新书015）,"
    		继《一些时刻》《异乡记》之后，苏方短篇小说集 ；戳破生活中的假象，书写穹顶之下，人与人间的战争；书写我们共同的失败、苦痛，和永恒的希望 ；关于迷茫和困局，关于秘密与谎言，关于爱的始和终，仇恨...    	"
山下英子,338514条评论,湖南文艺出版社,断舍离（2019新版，全新修订50%以上内容）宫崎骏、张德芬、李冰冰的减法哲学,"
    		一本相当于老版三本，一本书价格=新版《断舍离》+实操手册+扫码看视频。畅销400万册“断舍离”书系集大成之作。对稻盛和夫、张德芬、杨澜、林依晨等影响至深的减法哲学。普通和定制版交替发货请以实际收货为准    	"
麦克,270803条评论,二十一世纪出版社,彩虹色的花,"
    		绘本大师麦克?格雷涅茨作品——生命轮回，唯爱永存    	"
丛非从,16368条评论,万卷出版公司,养育你内心的小孩（你缺少的从来不是方法，而是底气。与其向外寻求和解，不如陪你内心的小孩长大！）,"
    		资深心理咨询师丛非从十年经验梳理！安全感、自由感、价值感、意义感、亲密感，五大需要引领你了解内心深处的自己。16幅全彩剧情漫画，拥有观影般沉浸式阅读体验。附赠可爱柴犬点赞表情包贴纸。果麦出品    	"
优米·斯泰恩斯,25358条评论,海豚出版社,她来了请准备（月经来了，你准备好了吗？）,"
    		比妈妈讲得还全的月经小百科，每位父母都应该给女儿准备一本！专业医生答疑解惑，世界各地女性分享真实的月经故事，传达积极的女性意识，让女孩们轻松迎接月经的到来。获澳大利亚年度少儿图书奖！    	"
余华,497747条评论,新星出版社,第七天（2018版）,"
    		比《活着》更绝望，比《兄弟》更荒诞，获华语文学传媒大奖·年度杰出作家    	"
肥志,55259条评论,广东旅游出版社,如果历史是一群喵9·五代十国篇,"
    		肥志人气历史萌漫系列第九卷，解构五代十国大乱局，再现用拳头上位的混战时代！荣获蔡志忠漫画奖年度大奖！    	"
史蒂芬·柯维,260712条评论,中国青年出版社,"高效能人士的七个习惯（30周年纪念版）（全新增订版）（新增《纽约时报》畅销肖恩·柯维全新观点,管理大师吉姆·柯林斯作序）","
    		打造一套全新的思维方式和原则体系,美团“四大名著”之一,永恒经典,历久弥新思想,提升人生必修课,组织变革成功行动指南,领导CEO案头，职场精英和学生书，教育家和父母必修课    	"
杰克·凯鲁亚克,450条评论,天津人民出版社,在路上（李继宏译，凯鲁亚克诞辰100周年精装纪念版）,"
    		硬核翻译，未删节版本！9大亮点复刻原版，复刻珍贵手稿、亲绘封面海报、原版书评报纸，再现永恒的灵感与自由，还原纯粹的“在路上”！流浪之路、酒鬼之路、彩虹之路、圣徒之路…什么路都行，只要步履不停！果麦出品    	"
王朔,37031条评论,北京十月文艺出版社,致女儿书,"
    		《致女儿书》与《我们的女儿谈话》合集版本    	"
刘瑜,215744条评论,北京联合出版有限公司,愿你慢慢长大（与刘瑜、周国平、冯唐等名家一起开始一场温柔的教养旅程，聊一聊关于教养的真心话，感受孩子成长的真实意义。）,"
    		暂离惊人相似的教养法则，让孩子成长的世界好过我们今天的世界    	"
东野圭吾,1947162条评论,南海出版公司,东野圭吾：白夜行（易烊千玺、孟非推荐，东野圭吾作品无冕之王）,"
    		易烊千玺、罗云熙、张子枫推荐，东野圭吾作品无冕之·王。我一直走在白夜里，从来就没有太阳，所以不怕失去。中文版发行量超600万册。    	"
哈珀·李,616128条评论,译林出版社,杀死一只知更鸟（豆瓣9.2，关于勇气与正义的成长教科书，影响全球5000万家庭的“教养宝典”，奥巴马、贝克汉姆、奥普拉鼎力推荐）,"
    		豆瓣9.2高分！豆瓣外国小说Top100第13名！写出孩子心中直觉的是非观念，社会公正。阐释正义，勇气，赤子之心！罗翔推荐，罗翔书单推荐。    	"
陈行甲,72079条评论,人民日报出版社,在峡江的转弯处：陈行甲人生笔记（南方周末、万圣书园2021十大好书）(新旧版随机发货),"
    		经历过辉煌与荒芜，忠于灵魂，重启人生。 他的人生之路，远看是前行，近看是归乡。全国优秀县委书记陈行甲自传体随笔。团购电话：4001066666转6    	"
达娜·萨斯金德,227884条评论,机械工业出版社,父母的语言：3000万词汇塑造更强大的学习型大脑,"
    		父母的语言是刺激大脑发育*好的教育资源。3000万的词汇差距会极大影响儿童在数学概念、读写能力、自我管理、执行力、批判性思维、情商、创造力和毅力等方面的表现。    	"
吴恩瑛,58086条评论,中信出版社,最温柔的教养（130则实用亲子用语范例，治愈童年的自己，温暖孩子的一生）,"
    		打动人心的育儿法，登顶韩国YES24、Aladin畅销榜，韩国国民育儿导师吴恩英重磅力作。    	"
乔治·奥威尔,223997条评论,时代文艺出版社,一九八四（又译“1984”。奥威尔代表作，反乌托邦杰作之一）,"
    		让你感到紧张、刺激、不安的讽喻小说    	"
项华,345512条评论,北京联合出版有限公司,万物由来科学绘本 写给孩子的科普绘本,"
    		26个主题，近300个知识点，北京师范大学教授联手获奖无数的国际插画师，专门回答那些孩子不知道、家长不好答的问题！从太阳到植物，从恐龙到病菌，从巧克力到冰激凌，从金字塔的修建到火箭的发射…    	"
莫言,331297条评论,人民文学出版社,晚熟的人（莫言新书）,"
    		莫言获得诺贝尔文学奖后小说。从《红高粱》到《晚熟的人》，从历史深处到当下现实，从开天辟地到气象万千。 依然是读者熟悉的那个莫言，带给我们陌生全新的阅读体验。    	"
关航,15030条评论,海豚出版社,和爸爸一起科学启蒙绘本（全8册+66个彩蛋，歪歪兔出品）,"
    		爸爸带孩子，可以玩的东西实在太多、太有趣了！上天入地下海，挖地洞当侦探，穿越恐龙时代……和爸爸一起玩出新花样，让科学启蒙更奇幻、更有想象力。3-8岁适读。    	"
刘擎,96344条评论,新星出版社,刘擎西方现代思想讲义（奇葩说导师、得到App主理人刘擎讲透西方思想史，马东、罗振宇、陈嘉映、施展力荐）,"
    		邀请你穿越时空，与19位闪烁着光芒的思想家对话。来一次思想的碰撞、一场观念的探险。    	"
乙一,202168条评论,南海出版公司,夏天、烟火和我的尸体（张震、田燚推荐。乙一16岁惊世成名作，高口碑暗黑杰作，获第6届JUMP小说大奖）,"
    		田燚推荐。九岁那年夏天，我看着我的尸体漫山遍野奔跑。一部书写恶与天真的暗黑杰作。乙一16岁惊世成名作，轰动文坛。这个盛夏的故事，让人冷到骨子里。    	"
乔安娜柯尔,1335383条评论,贵州人民出版社,神奇校车·桥梁书版（全20册）,"
    		幼小衔接升级阅读，科普“桥梁书”匠心之作，跟随神奇校车继续科学冒险之旅，校车迷不可错过的独立阅读读本！（蒲公英童书馆）    	"
中村恒子,562024条评论,北京日报出版社,人间值得（90岁心理医生恒子奶奶写给生活的哲思小书。十点读书、《读者》2019年度“十大影响力好书”、人民日报力荐2020新年书单。）,"
    		宝藏奶奶的人生36条感悟，正面解读工作、家庭、人际关系、孤独、死亡等人生课题，给人直面生活的勇气，愿每个人都能从人间失格直至人间值得！愿你遍历山河，仍觉人间值得！    	"
岩井俊雄,240715条评论,北京科学技术出版社,100层的房子系列（全4册，《100层的房子》+《地下100层的房子》+《海底100层的房子》+《天空100层的房子》）,"
    		岩井俊雄 纵开式畅销绘本    	"
曹文轩,254279条评论,天天出版社有限责任公司,青铜葵花（当当网定制版）,"
    		（草房子、青铜葵花作者国际安徒生奖得主曹文轩作品，入选全国统编语文教材，重新修订真正完整版7-8-9-10-12岁小学课外阅读，3-6年级课外阅读推荐，入选美国2017年度三大图书榜单。成长·亲情·）    	"
阿什利·万斯,68621条评论,中信出版社,硅谷钢铁侠：埃隆·马斯克的冒险人生,"
    		猎鹰重型火箭发射成功，带特斯拉升入太空。SpaceＸ太空探索技术公司创始人、环保汽车公司特斯拉CEO埃隆?马斯克全球授权著作！硅谷传奇创业者公开的创新秘籍。雷军、丁磊、罗永浩、周鸿祎等科技迷弟推荐    	"
中国法制出版社,47470条评论,中国法制出版社,中华人民共和国刑法（实用版）（根据刑法修正案十一修订）,"
    		全新收录2020年12月26日公布的《刑法修正案（十一）》以及根据修正案修正后的《刑法》全文，送刑法修正案（十一）新旧条文对照表电子版文件    	"
宫崎骏原作,36790条评论,北京联合出版有限公司,千与千寻（宫崎骏作品。日本上映20周年特别纪念！）,"
    		日本上映20周年特别纪念！宫崎骏作品。全球同时获得奥斯卡金像奖与柏林金熊奖的动画电影。吉卜力工作室官方审核认定。 我们每个人都是千寻，勇敢地走向自己独一无二的人生。    	"
托马斯·科里,39804条评论,民主与建设出版社,富有的习惯,"
    		富有的习惯，决定你一生财富！托马斯?科里用5年研究177位白手起家的千万富翁及128位穷人的日常习惯，总结出26条“富有的习惯”！    	"
张嘉佳,1128227条评论,湖南文艺出版社,从你的全世界路过：修订本（张嘉佳亲笔签名版与普通版本随机发送）,"
    		华语小说销量奇迹，让所有人心动的故事。每一分钟，都有人在故事里看到自己。随书附赠全世界精美“护照册”，五款随机发送。    	"
三毛,26688条评论,北京十月文艺出版社,三毛全集08：亲爱的三毛,"
    		三毛与读者之间的书信集，敞开内心、照亮心灵之作。    	"
艾德兰,594336条评论,未来出版社,我们的身体,"
    		【李佳琦推荐】3-6岁儿童性教育启蒙立体科普书！超好玩、全面的人体百科，翻翻、转转、拉拉、触摸等多重趣味互动环节，让孩子爱上阅读，爱上探索！ 乐乐趣科普阅读翻翻书    	"
郭元婕,37821条评论,北京联合出版有限公司,疯狂的化学 我是学霸 给孩子的趣味化学启蒙绘本,"
    		给中国孩子的趣味化学启蒙书，学好基础科学，探索前沿科技    	"
狄戈,14452条评论,台海出版社,汀南丝雨【限量亲签版】,"
    		当当定制精美透卡，人气作家狄戈浪漫之作全新纪念版。 新增出版番外《关于生气》《关于婚礼》《鲟鱼夫妇日常》《要个女孩儿》。随书附赠：许愿卡+“寻羽就浔”机票+Q萌人物折立卡+精美贴纸+语录书签    	"
罗翔,110871条评论,云南人民出版社,法治的细节（罗翔新作，法律随笔，评热点、论法理、聊读书、谈爱情，人间清醒与你坦诚相见）,"
    		罗翔解读热点案件，思辨法治要义，破解道德困境，从N号房事件到张玉环案，我们如何在现实中追求正义，在时事中保持理性思考。果麦出品    	"
刘慈欣,1817698条评论,重庆出版社,三体：全三册 刘慈欣代表作，亚洲“雨果奖”获奖作品！,"
    		《三体》第73届世界科幻雨果奖获奖作品，银河奖特别奖，《三体3》轨迹奖长篇科幻小说！2017年世界雨果奖提名作品。    	"
希阿荣博堪布,653406条评论,海南出版社,次第花开 修订版,"
    		2017全新修订，新增上师数千字再版序言.希阿荣博堪布的现代心灵开示，解开藏人精神愉悦的秘密。陈坤、张嘉译、任鲁豫、李修平、樊登、马未都、何东、程然等盛情推荐.    	"
霍晨昕,463438条评论,四川人民出版社,走遍中国 图说天下 寻梦之旅,"
    		罕见的山水奇特与独特的民俗风情交相辉映，千年的历史遗迹与珍贵的文明积淀相互碰撞，雄伟的名山大川与温润的小桥流水携手共唱……这里有一首首美妙的协奏曲，这里有一幅幅精美绝伦的地理景观，中国的极致之美在这里    	"
高铭,1499643条评论,北京联合出版有限公司,天才在左 疯子在右(全新完整版),"
    		高圆圆、陈乔恩、李宇春、胡歌、刘昊然盛情推荐！女神、男神都在看的传奇畅销书！借疯子的策略，唤醒你未知的灵魂！看高智商疯子如何调戏和“羞辱”正常人！    	"
菲莉帕·佩里,88173条评论,中信出版社,真希望我父母读过这本书（二十年资历心理治疗师写给父母和孩子的情感沟通书）,"
    		二十年资历心理治疗师写给父母和孩子的情感沟通书，《星期日泰晤士报》畅销书榜/首，授权日本、韩国等31个国家和地区，长踞家教类图书排行榜榜/首    	"
Twentine,150887条评论,四川文艺出版社,那个不为人知的故事,"
    		超人气作者Twentine（无量渡口）经典之作，全文精心修订，直击心底深处的柔软。 这是杨昭和陈铭生的故事，这是卧底缉毒警察的故事。 你始终不曾离去，你永远在我心底。 ——酷威文化    	"
马歇尔,725737条评论,华夏出版社,非暴力沟通（修订版）,"
    		总销量超200万册的经典沟通力作 入选香港大学推荐的50本书籍 樊登、十点力荐    	"
米哈里·契克森米哈赖,109639条评论,中信出版社,心流：最优体验心理学,"
    		心流理论之父、积极心理学奠基人米哈里·契克森米哈赖开山之作！郑也夫、赵昱鲲、阳志平、万维钢作序推荐！    	"
史铁生,274078条评论,人民文学出版社,我与地坛（纪念版）,"
"
路遥,976494条评论,北京十月文艺出版社,平凡的世界：全三册（全新2021版，茅盾文学奖获奖作品，激励青年的不朽经典）,"
    		清华校长给新生的入学礼物，激励亿万青年的不朽经典。龚俊倾情荐读，北大、北师大名师盛赞，豆瓣9分口碑之作。获茅盾文学奖，入选新中国70年70部长篇小说典藏。即使是ZUI平凡的人，都在为他的世界而战斗着！    	"
钱钟书,1201451条评论,人民文学出版社,围城,"
"
克里斯多福·孟,762100条评论,湖南文艺出版社,亲密关系：通往灵魂的桥梁（新版）：杨天真推荐，这本书告诉我们如何穿透自我障碍，用爱酿造幸福秘方,"
    		资深生命教练、演说家克里斯多福?孟代表作，带你掌握所有人际关系包括浪漫的亲密关系的本质，华语世界深具影响力身心灵作家张德芬翻译并全力推荐。    	"
陀思妥耶夫斯基,114080条评论,浙江文艺出版社,罪与罚（刑法学罗翔老师推荐版本，用爱和生活去对抗痛苦！）【果麦经典】,"
    		小说描写一个在观念上矛盾的知识分子，想要以自己的方式回应不公平的社会现实，从而实施了一桩谋杀，但此过程和结果大大超出了自己的把控和理解，作者对人之为人的边界、人与社会的关系，进行了无所畏惧的自由探索。    	"
周国平,36740条评论,北京十月文艺出版社,人生哲思录（全新修订版）,"
    		如果你只想读我的一本书，就读这本吧。——周国平 七十年哲思精华总集*版，相比旧版增删多达8万字。生死、苦乐、两性、爱、孤独、艺术…122个人生关键词，122种人生答案。赠两张精美书签    	"
彭凡,46640条评论,化学工业出版社,男孩百科--优秀男孩的学习妙招,"
    		如何成为超级学霸。为男孩量身定做的成长书，从上到下、由内而外打造成功男孩。    	"
钟华,48037条评论,北京联合出版有限公司,名画里看世界 给孩子能读懂的美学科普 精装版,"
    		30+个独立主题，200+个艺术常识，用讲故事的方式，将生硬的百科通过趣味故事娓娓道来。全书通过主要作品及事件，历述世界艺术史由拜占庭时期直至二十世纪后半叶近八百年的风雨历程，分享百余幅旷世杰作。    	"
彼得·考夫曼,220542条评论,中信出版社,穷查理宝典：查理·芒格智慧箴言录（全新增订本）,"
    		致中国新一代价值投资者，股权红利大时代下的投资圣经，教你如何拥有芒格的“人生操作系统”。    	"
林奕含,493988条评论,北京联合出版有限公司,房思琪的初恋乐园 （豆瓣9.2高分！数百万读者强烈共鸣的文学绝唱）,"
    		张爱玲以后ZUI好的中文写作者，李银河、戴锦华、张悦然、蒋方舟、冯唐等郑重推荐！打动万千读者的现象级纯文学小说。豆瓣读书9.2超高评分。    	"
涂子沛,3035条评论,人民邮电出版社,2021文津奖推荐科普图书 给孩子讲人工智能,"
    		第16届文津图书奖推荐图书、2020年度桂冠童书奖，百万级销量数据科学家打造的重磅力作。多位中国工程院院士及业界名人联袂推荐、审定。100册以上团购优惠联系电话010-81054181    	"
苏缨,4442条评论,湖南文艺出版社,人间词话精读：大师笔下绝美诗词品鉴（苏缨解读，王国维经典《人间词话》）,"
    		1-9年级书目王国维《人间词话》——苏缨赏读经典之一，诗词品鉴圣手六十万言妙笔细读，融会中西诗学、海量诗词知识。从《诗经》到纳兰词，一部蔚为壮观的词的历史    	"
林语堂,654332条评论,湖南文艺出版社,苏东坡传（林语堂纪念典藏精装版）,"
    		樊登读书会官方推荐版本。全国名校推荐学生阅读版本。当当网终身五星图书。拥有林语堂完整授权。作品累计销量超过200万册。中国传记文学经典之作。中国历代文人从政的标志性人生。    	"
塔拉,1323916条评论,南海出版公司,你当像鸟飞往你的山（中文版销量超200万册，比尔·盖茨年度特别推荐！登顶《纽约时报》畅销榜80+周，这本书比你听说的还要好！）,"
    		比尔·盖茨年度特别推荐！ 17岁前从未上过学的女孩，如何成为剑桥大学博士？我们要背叛多少曾经，才能找到真正的自我！作者获选《时代周刊》年度影响力人物！    	"
麦家,940650条评论,北京十月文艺出版社,人生海海（麦家重磅力作，莫言、董卿盛赞，连续两年高居畅销榜，发行量超200万册）,"
    		上校赢了所有的仗，却败给一个不足道的秘密。茅盾文学奖得主麦家暌违8年，打磨5年，挑战常人不敢落笔之处，解密人性的荒唐与高尚。人生海海，何必在意一时沉浮！    	"
岸見一郎,646179条评论,机械工业出版社,被讨厌的勇气：“自我启发之父”阿德勒的哲学课 岸见一郎,"
    		“自我启发之父”阿德勒的哲学课,蔡康永、张德芬、大张伟、陈文茜、曾宝仪、勇气推荐！日本亚马逊2014年度销售冠军，连续300天雄踞销售榜首！腰封各个印次印刷内容可能有所不同，以实物为准，内文一致    	"
玛兹丽施,977995条评论,中央编译出版社,如何说孩子才会听 怎么听孩子才肯说（全新修订版，涂磊推荐）,"
    		影响全球的家教图书，给中国父母巨大帮助！让你成为真正的好妈妈！2012年获出版商务周报十大年度风云生活好书，2013年获新浪育儿养育类图书年度推荐奖    	"
季羡林,336847条评论,古吴轩出版社,心安即是归处（季羡林百年生命智慧。央视《朗读者》多次动情朗读本书名篇，贾平凹、白岩松、金庸、林青霞诚意推荐）,"
    		央视《朗读者》节目多次朗读书目。跨四代共读心灵读本，一本书阅尽大师智慧精华！人生*好状态就是活得清醒、坦荡、真实。季羡林写给万千迷茫的青年一代！愿你历尽沧桑，永葆天真模样    	"
简·尼尔森,1932877条评论,北京联合出版公司,正面管教(修订版),"
    		如何不惩罚、不娇纵地有效管教孩子。畅销美国400多万册，被翻译成16种语言畅销全球；让数百万孩子、父母和老师受益终身的经典之作；自1981年本书*版出版以来，《正面管教》已经成为管教孩子的“黄金准则    	"
哥伦比亚,832358条评论,南海出版公司,霍乱时期的爱情（《百年孤独》作者马尔克斯传世巨著，展示爱情的所有可能）,"
    		《百年孤独》作者马尔克斯传世名著，深刻影响莫言、余华的写作生涯，写尽人类爱情所有可能：一个人能为爱等多久？答案是五十一年九个月零四天。中文版畅销300万册，一本好书节目推荐    	"
歪歪兔关键期早教项目组,214285条评论,海豚出版社,学会管自己幼儿版-歪歪兔自控力教育系列绘本（全10册，幼儿园情绪管理与时间管理绘本）,"
    		3-6岁经典儿童情商绘本，学会管理自己的坏情绪、小欲望、小拖拉，培养责任感，学会自我管理，建立时间观念，锻炼意志力与专注力，大中小班幼儿园自我管理绘本。    	"
太宰治,2198432条评论,作家出版社,人间失格（日本小说家太宰治代表作，一个对村上春树影响至深的绝望凄美故事）,"
    		超燃！“丧文化”流行，《人间失格》受到读者高度欢迎与关注！收录作者绝笔之作《Good bye》。一个“丧失为人资格”少年的心灵独白，一个对村上春树影响至深的绝望凄美故事。    	"
阿克塞尔·舍夫勒,129164条评论,外语教学与研究出版社,小小聪明豆绘本系列:波西和皮普(套装共7册),"
    		聪明豆绘本系列低幼篇，汇集世界经典低幼图画书，让孩子在故事中体会一个个甜蜜的成长烦恼，为童年留下暖心的美丽回忆    	"
柏拉图,87627条评论,商务印书馆,理想国（商务印书馆汉译名著权威全译本，精装典藏版）,"
    		由郭斌和、张竹明合作的希腊原文直译本, 具高度准确性。柏拉图代表作，《理想国》是柏拉图的一篇重要对话录，涉及柏拉图思想体系的各个方面，包括哲学、伦理、教育、文艺、政治等内容。    	"
毛泽东,264510条评论,人民出版社,毛泽东选集（全四册，32开）,"
    		批量团购电话:4001066666转6    	"
毛姆,152155条评论,时代文艺出版社,面纱（毛姆关于女性精神觉醒的经典作品，三次改编成电影。2018全新编校+无删减全译本）,"
    		毛姆笔下“一部以故事情节而不是以人物为发展契机的小说”。一场乱世爱情，一幕婚外恋，一个女人关于爱与自我的救赎。在书中收获爱情与自由的真谛。    	"
叶真中显,60143条评论,北京联合出版有限公司,绝叫（罗翔推荐，长达四十年的恶女编年史，日本文学社会派推理小说 同名日剧《绝叫》原著）,"
    		豆瓣 2020年度图书 推理·悬疑 Top 1，豆瓣 2019年度电影榜单 Top10《绝叫》原著    	"
作绘者,429593条评论,新星出版社,小鸡球球触感玩具书:全5册（升级点读版，纸板书、触摸发声书、翻翻书、洞洞书）,"
    		触摸书只是摸一摸还不够，其实可以更好玩！和畅销百万册的小鸡球球一起玩触摸游戏，1种发声器+5种互动游戏+14种模切洞洞+ 28种触摸材料，以发展触感为主，其他感官为辅，助力早期认知发展！    	"
亚历山德拉米热林斯卡,147415条评论,贵州人民出版社,地下水下-手绘百科绘本,"
    		《地图》作者代表作品，探索地下水下的生动“地图”。 大开本，炫酷的正反面阅读方式，一书两读，一切关于地下水下的秘密尽在翻转间！（蒲公英童书馆）    	"
宋默,149870条评论,团结出版社,人生没什么不可放下：弘一法师的人生智慧（弘一法师彻悟一生的人生真谛，帮你重遇未知的自己，逆袭人生！）,"
"
曹雪芹,599688条评论,人民文学出版社,红楼梦原著版（上、下册，全两册，全本120回）（团购电话:400-1066666转6）,"
    		权威版本！收藏经典！    	"
项华,48971条评论,北京联合出版有限公司,这么好玩的物理 我是学霸 给孩子的物理启蒙科普绘本,"
    		北师大物理课程博导编写，7大物理基础主题 为孩子构建全面知识体系，对标 中小学课程标准 ，涵盖 小学 及 初中 阶段重点 物理 知识点    	"
赖马,158705条评论,北京联合出版有限公司,世界上最棒的礼物——图画中隐藏无数细节，让小小孩玩过瘾！,"
    		★	台湾趣味图像绘本大师赖马倾情创作：趣味认知游戏书，超好玩的视觉游戏，一起来和数字、颜色捉迷藏！ （启发童书馆出品！）    	"
洛莉·戈特利布,69909条评论,上海文化出版社,也许你该找个人聊聊（入选2021豆瓣受关注图书榜、新京报年度阅读推荐榜；心理学泰斗欧文·亚隆推荐，心理学家李松蔚审校并作序）,"
    		继《蛤蟆先生去看心理医生》后，又一个关于心理咨询的动人故事；豆瓣6000+人评分9分；专业、治愈，更有高分美剧般的阅读体验。果麦出品    	"
当年明月,377368条评论,北京联合出版有限公司,明朝那些事儿增补版.全集,"
    		国民史学读本，持续风行十余年，畅销3000万册，全本白话正说明朝大历史    	"
西蒙娜·德·波伏瓦,40141条评论,上海译文出版社,第二性（ⅠⅡ 全两册）,"
    		波伏瓦之作，与汉娜·阿伦特、苏珊·桑塔格并称为西方女性学术的三个中心。李银河称其为“女性主义思想的泰斗”、“女权主义的思想导师和旗手”。傅雷翻译奖获奖作品。    	"
珍妮特·温特森,215756条评论,北京联合出版有限公司,橘子不是唯一的水果,"
    		橘子不是唯 一的水果，你的人生，还有别的可能！张悦然、蒋方舟、任晓雯、刘瑜一致推荐的当代英国天才女作家 。一部大胆的、光芒四射的小说。就天赋与灵气而言，少有作家能与珍妮特·温特森相比！    	"
高野和明,265705条评论,上海文艺出版社,消失的13级台阶（罗翔推荐！荣获日本推理小说至高荣誉江户川乱步奖！是否值得为一场痛快的复仇，陪葬掉自己的人生？）,"
    		日本推理女王宫部美雪好评盛赞！作者高野和明曾获日本推理作家协会奖。本书荣获周刊文春“推理小说BEST10”第2名。入围“这本推理小说了不起”榜单。扑朔迷离的案件背后，是对死刑制度的探讨。读客熊猫君出品    	"
意公子,95553条评论,海南出版社,大话中国艺术史（句句有梗，一口气读完10000年中国艺术史。艺术头部自媒体意外艺术新作，句句有梗的极简艺术史又来了）,"
    		李白其实是个大书法家，《清明上河图》原本是旅游指南。《大话西方艺术史》姐妹篇，45位艺术名家，150件艺术珍品，10000年中国艺术史。翻开本书，轻松入门中国艺术史。读客熊猫君出品    	"
佐佐木洋子,1033132条评论,新世纪出版社,小熊宝宝绘本（简装全15册）蒲蒲兰经典绘本！新手妈妈的育儿宝典！(0-3岁),"
    		情节简练，细节反复，培养幼儿语言发展。生活启蒙，引导宝宝养成良好生活习惯。底衬附有指导文字，提醒爸爸妈妈们亲子共读时不要忽略精心布置的细节哦！蒲蒲兰绘本馆经典读物！    	"
项华,28768条评论,北京联合出版有限公司,不能不懂的编程 我是学霸 给孩子的创新编程启蒙绘本,"
    		给中国孩子的编程启蒙书，学好基础科学，探索前沿科技，用兴趣培养孩子编程思维，提升逻辑思考力    	"
阿兰德·丹姆,1508011条评论,贵州人民出版社,小熊和最好的爸爸（全7册）,"
    		一套为爸爸准备的“陪娃指南”，改善爸爸带娃“大眼瞪小眼”的尴尬，让孩子的成长父爱不缺席！（蒲公英童书馆）    	"
周岭,57356条评论,人民邮电出版社,认知觉醒：开启自我改变的原动力,"
    		《反本能》作者卫蓝力荐，通过元认知改变大脑的顽固思维，深度学习认知规律，提升自控力、专注力、学习力，走出焦虑与迷茫。当你认知觉醒，何惧焦虑迷茫！知乎读书会、十点读书、有书共读等联合推荐。    	"
柏拉图,40341条评论,民主与建设出版社,理想国（2020全译本，西方哲学的源头，清华大学、北京大学图书馆借阅榜首位）,"
    		（爱默生说“烧掉所有的图书馆吧，因为所有的价值都在这本书里了。”《理想国》将读者引入一个朴素美好的思想殿堂，成为培养读者心灵与智慧的沃土。梁文道、朱光潜盛赞推崇！）    	"
author,ping_lun,publisher,title,tui_jian
罗伯特·戴博德,1121536条评论,天津人民出版社,蛤蟆先生去看心理医生（年销200万册！英国经典心理咨询入门书，知名心理学家李松蔚强烈推荐）,"
    		2021年当当网销量No.1！入围《新京报》、豆瓣2020年度图书榜单；英国亚马逊五星评分、授权10个语言版本，自1997年起长销至今。童话版《自卑与超越》，将心理学知识巧妙融入故事情节。    	"
岸見一郎,646179条评论,机械工业出版社,被讨厌的勇气：“自我启发之父”阿德勒的哲学课 岸见一郎,"
    		“自我启发之父”阿德勒的哲学课,蔡康永、张德芬、大张伟、陈文茜、曾宝仪、勇气推荐！日本亚马逊2014年度销售冠军，连续300天雄踞销售榜首！腰封各个印次印刷内容可能有所不同，以实物为准，内文一致    	"
莫言,247658条评论,浙江文艺出版社,生死疲劳（不看不知道，莫言真幽默！全新版本！印章版和普通版随机发货）,"
    		不看不知道，莫言真幽默！在极度痛苦时笑出声来，获得内心深处的解脱。收录全新再版序、莫言漫像、莫言题词，了解本书创作背后的故事！梳理人物关系图，清晰呈现主要人物关系！读客熊猫君出品    	"
余华,700562条评论,北京十月文艺出版社,活着（余华代表作，精装，易烊千玺推荐阅读。当当专享印签藏书票+限量赠珍藏复刻手稿）,"
    		余华代表作，DU家授权正版。限量赠·珍藏复刻手稿。人是为了活着本身而活着的，而不是为了活着之外的任何事物而活着。    	"
塔拉,1323916条评论,南海出版公司,你当像鸟飞往你的山（中文版销量超200万册，比尔·盖茨年度特别推荐！登顶《纽约时报》畅销榜80+周，这本书比你听说的还要好！）,"
    		比尔·盖茨年度特别推荐！ 17岁前从未上过学的女孩，如何成为剑桥大学博士？我们要背叛多少曾经，才能找到真正的自我！作者获选《时代周刊》年度影响力人物！    	"
麦家,940649条评论,北京十月文艺出版社,人生海海（麦家重磅力作，莫言、董卿盛赞，连续两年高居畅销榜，发行量超200万册）,"
    		上校赢了所有的仗，却败给一个不足道的秘密。茅盾文学奖得主麦家暌违8年，打磨5年，挑战常人不敢落笔之处，解密人性的荒唐与高尚。人生海海，何必在意一时沉浮！    	"
罗翔,110871条评论,云南人民出版社,法治的细节（罗翔新作，法律随笔，评热点、论法理、聊读书、谈爱情，人间清醒与你坦诚相见）,"
    		罗翔解读热点案件，思辨法治要义，破解道德困境，从N号房事件到张玉环案，我们如何在现实中追求正义，在时事中保持理性思考。果麦出品    	"
余华,310833条评论,北京十月文艺出版社,文城（余华新书，时隔8年重磅归来，《活着》之后又一精彩力作）,"
    		余华时隔8年重磅新作！写《活着》的余华又回来了！人生就是自己的往事和他人的序章。关于一个人和他一生的寻找，以及一群人和一个汹涌的年代。精彩过瘾，不负等待！易烊千玺挚爱作家。    	"
东野圭吾,2479547条评论,南海出版公司,东野圭吾：解忧杂货店（胡歌、王俊凯、刘昊然倾情推荐，简体中文1000万册纪念版）,"
    		东野圭吾代表作，1000万册纪念版，写给拥有无尽梦想与烦恼的你。现代人内心流失的东西，这家杂货店能帮你找回。东野圭吾特别寄语中国读者。    	"
豆豆,385861条评论,作家出版社,遥远的救世主（天道原著王志文主演电视剧畅销遥远的救世主作者豆豆三部曲之一）,"
    		豆瓣评分9.2分国产神剧《天道》原著小说    	"
赖马,158705条评论,北京联合出版有限公司,世界上最棒的礼物——图画中隐藏无数细节，让小小孩玩过瘾！,"
    		★	台湾趣味图像绘本大师赖马倾情创作：趣味认知游戏书，超好玩的视觉游戏，一起来和数字、颜色捉迷藏！ （启发童书馆出品！）    	"
菲莉帕·佩里,88173条评论,中信出版社,真希望我父母读过这本书（二十年资历心理治疗师写给父母和孩子的情感沟通书）,"
    		二十年资历心理治疗师写给父母和孩子的情感沟通书，《星期日泰晤士报》畅销书榜/首，授权日本、韩国等31个国家和地区，长踞家教类图书排行榜榜/首    	"
赫尔曼·黑塞,88632条评论,天津人民出版社,悉达多（译者姜乙翻译）【果麦经典】,"
    		诺贝尔文学奖得主黑塞代表作。人独自行过生命，蒙受玷污，承担罪过，痛饮苦酒，寻觅出路。关于一种经历与体验，时间与轮回，精神与肉体，是一种证悟，更是一首生命之诗。少年时请读黑塞    	"
乔安娜柯尔,1685032条评论,贵州人民出版社,神奇校车·图画书版（全12册，新增科学博览会1册）,"
    		用孩子喜欢的方式讲自然科学！和卷毛老师一起出发，搭乘神奇校车，在一次次不可思议的神奇之旅中，带孩子们体验原理、学会操作、懂得思考、爱上科学。情节惊险刺激，语言生动爆笑，知识清晰严谨。（蒲公英童书馆）    	"
项华,345512条评论,北京联合出版有限公司,万物由来科学绘本 写给孩子的科普绘本,"
    		26个主题，近300个知识点，北京师范大学教授联手获奖无数的国际插画师，专门回答那些孩子不知道、家长不好答的问题！从太阳到植物，从恐龙到病菌，从巧克力到冰激凌，从金字塔的修建到火箭的发射…    	"
黄仁宇,808684条评论,生活.读书.新知三联书店,万历十五年 一本好书 腾讯视频栏目推荐,"
    		（《人民的名义》多次提到《万历十五年》，为什么这么多人研究呢？三联书店出版黄仁宇先生的成名代表之作。万历十五年是大明王朝的转折点，腐败、敷衍，社风奢靡，都是悄悄埋葬大明王朝的导火线，值得当下深思。）    	"
顾诚,50311条评论,北京日报出版社,南明史（全2册）（内斗就要亡国，亡国也要内斗！从南明的灭亡，看透人性的荒唐！荣获中国国家图书奖，明史大家顾诚代表作）,"
    		内斗就要亡国，亡国也要内斗！从南明的灭亡，看透人性的荒唐！荣获中国国家图书奖，北京市哲学社会科学优秀成果一等奖。明史大家顾诚代表作，豆瓣9.3分，不可不读的史学经典，读客熊猫君出品    	"
薛兆丰,330606条评论,中信出版社,薛兆丰经济学讲义,"
    		新老版本封面随机发货。奇葩说导师马东、蔡康永、高晓松等力荐，马化腾、罗永浩、罗振宇、徐小平等都在上的经济学课，撕掉“经济学”吓人表象，用有趣的经济学助你看懂经济    	"
理查德·格里格,74002条评论,人民邮电出版社,心理学与生活（第19版）,"
    		跨越半个多世纪的心理学入门经典，世界著名心理学家菲利普·津巴多扛鼎之作，北京大学心理学院20位教授联袂翻译    	"
斯蒂芬·茨威格,137152条评论,时代文艺出版社,人类群星闪耀时（无删减全译本。《一个陌生女人的来信》作者茨威格的传记杰作，14位时代英雄，14个人类命运攸关的历史时刻）,"
    		14个人类历史关键时刻的选择与命运，一瞬间的选择，却是人类命运的转变。    	"
赖马,151579条评论,河北教育出版社,十二生肖的故事——首届丰子恺儿童图画书奖得主  赖马作品！,"
    		◆台湾趣味绘本大师赖马创作20周年纪念版 ◆中华文化经典、浓浓的年味、十足的中国风 ◆赖式幽默为你呈现令人捧腹的十二生肖故事！    	"
孟元老,10509条评论,三秦出版社,东京梦华录（戴建业教授推荐版。文字版《清明上河图》，再现大宋汴京盛景，全彩56幅宋画插图，千年前繁华都市的旅行指南）【果麦经典】,"
    		一部纸上纪录片，附完整版《清明上河图》，66幅《清明上河图》高清细节图随文彩插，揭秘千年古画掩藏的秘密和传奇，译文+生僻字注音+注释，丰富、有趣、美，重回汴京，感受千年前的都市文明和风雅。果麦出品    	"
马可.奥勒留,353633条评论,中央编译出版社,沉思录,"
    		被当当网授予“2008年度成长奖”，《沉思录》荣踞中国新闻出版报全国优秀畅销书榜首、荣获京华时报年度社科好书*名、荣获新京报年度好书、荣获搜狐读书十大好书（非文学类）称号    	"
钱穆,218151条评论,九州出版社,中国历代政治得失 钱穆（新校本）,"
"
王旭烽,17563条评论,浙江文艺出版社,望江南（你一句春不晚，我就到了真江南。茅奖得主王旭烽，沉潜26年，最新长篇小说力作。）,"
    		在一片叶子的乾坤中，品饮世间人情，体悟命运流转。茶人精神、江南文化、家国情怀，  见证个人史、家族史、民族史中的百年中国。    	"
伊丽莎白·弗迪克,430681条评论,贵州教育出版社,手不是用来打人的（儿童好品德系列，全5册）孩子多读就见效的习惯养成书，缓解新手爸妈育儿焦虑，王志庚、孙莉莉、朱爱朝推荐,"
    		《手不是用来打人的/语言不是用来伤人的/细菌不是用来分享的/尾巴不是用来扯的/嗓门不是用来嚷嚷的》，帮助孩子建立规则，修正行为，养成终身受益的好习惯、好品德，美国国家育儿中心专业认证（步印童书馆）    	"
刘晓辉,87341条评论,台海出版社,非自然死亡：我的法医笔记（法医秦明冠名推荐，15年法医生涯，19宗真实案件改编。全网阅读超1亿人次！）,"
    		法医秦明冠名推荐，15年专业法医破案笔记！杀妻骗保、保鲜膜裹尸等19宗真实案件；煮骨测龄、尸僵断时等23种法医手段；法医人类学、法医昆虫学等37门专业知识！随书附赠法医知识手册。    	"
朗达·拜恩,208809条评论,湖南文艺出版社,秘密（经典身心灵励志读物，为人生带来喜悦转变的能量之书，“吸引力法则”三部曲扛鼎之作。）,"
    		2018精装升级版。杨澜、毕淑敏、潘石屹、孙俪、大S、江一燕、张艺兴、陈伟霆等都被“秘密”吸引，不可错过的能量之书。全球销量突破1500万册！新增朗达十年来运用秘密的全新体验。    	"
余秋雨,667449条评论,长江文艺出版社,文化苦旅（文化导师余秋雨开山之作，逐字修订！）,"
    		余秋雨逐字修订版！余秋雨授权认定并题写书名。持续30年市场认定、千万读者热赞的口碑经典。《都江堰》《莫高窟》等多篇文章入选中学课本，一部中国文化的珍贵飨宴，深刻影响三代华人价值观    	"
梅耶·马斯克,80157条评论,中信出版社,人生由我：比“硅谷钢铁侠”埃隆·马斯克更酷的硬核母亲。励志版“向前一步”,"
    		杨天真推荐！比“硅谷钢铁侠”埃隆·马斯克更酷的硬核母亲。邓文迪、叶云燕、脱不花、张萌、曾焱冰、远渡重洋击掌推荐！    	"
茨威格,129156条评论,江苏凤凰文艺出版社,人类群星闪耀时（14个改变人类命运的天才，14个影响人类文明的瞬间！全新精装彩插导读详注版！）（读客经典文库）,"
    		传记之王茨威格享誉世界之作！余华、高圆圆都曾被这本书打动！14篇专业导读，15张全彩插图，2080个详细注释！附赠群星地图，震撼呈现影响人类文明的100个历史瞬间！读客熊猫君出品    	"
莫言,4281条评论,江苏凤凰文艺出版社,莫言的奇奇怪怪故事集（或许只有莫言这么大的脑洞，才能带你去人性深幽处探险！诺奖得主莫言作品！莫言亲自参与编选）,"
    		本书收录莫言笔下18篇奇奇怪怪的中短篇故事，特别收录莫言书法题词、莫言手稿、莫言漫画头像、莫言演讲稿！特别赠送原创故事海报！诺贝尔文学奖颁奖词：莫言的想象力超越了人类存在本身！    	"
蔡崇达,1249590条评论,天津人民出版社,皮囊（400万册纪念版，直面人生的难题，刻在骨头里的故事，容纳一个个既失去家乡又未到达远方的生命）,"
    		爆炸贴400万册或350万册随机发货。刘德华、韩寒、白岩松推荐。书封采用具有肌肤质感的SKINS纸。命运是一条闪闪发光的金色河流，我们卸下皮囊，以心相交。果麦出品    	"
季羡林,6042条评论,读者出版社,当下即是生活 （是季羡林百年生命智慧《心安即是归处》的续篇，全面收录季羡林自1933年到2006年作品精华。央视《朗读者》多次动情朗读本书名篇）,"
    		季羡林写给万千青年人——当下的力量！《朗读者》多次朗读书目，跨四代人共读心灵读本，一本书阅尽大师智慧精华！配老树画画精美插图，赠唯美书签一枚。愿你回归生活的本来面目，从日常生活中汲取生命的力量。    	"
博多·舍费尔,244457条评论,中信出版社,小狗钱钱（套装2册）（附赠免费亲子财商课+理财秘籍思维导图）,"
    		欧洲巴菲特”博多·舍费尔完满人生秘籍，全球畅销超20年、销量超500万册《小狗钱钱》经典套系，附赠财富秘籍思维导图+免费亲子财商课！    	"
北溟鱼,98693条评论,天津人民出版社,长安客（张颂文推荐，大唐版《人类群星闪耀时》，李白、杜甫、王维、白居易、元稹、柳宗元、刘禹锡、李商隐，八位诗人的命运特写）,"
    		他们是诗国闪耀的群星，他们是长安城里忧伤的年轻人。创造微博700万超级阅读量，当年长安城里的诗人，也和我们一样年轻又迷茫。果麦出品    	"
李尚龙,13508条评论,贵州人民出版社,对你，一切都计较，一切都原谅,"
    		李尚龙、卢思浩、宋小君、小川叔等作品，描摹爱情中那些铭刻入骨的喜悦与悲伤、失落与成长。爱让我们不像自己，爱让我们找到更好的自己。    	"
丛非从,16368条评论,万卷出版公司,养育你内心的小孩（你缺少的从来不是方法，而是底气。与其向外寻求和解，不如陪你内心的小孩长大！）,"
    		资深心理咨询师丛非从十年经验梳理！安全感、自由感、价值感、意义感、亲密感，五大需要引领你了解内心深处的自己。16幅全彩剧情漫画，拥有观影般沉浸式阅读体验。附赠可爱柴犬点赞表情包贴纸。果麦出品    	"
优米·斯泰恩斯,25358条评论,海豚出版社,她来了请准备（月经来了，你准备好了吗？）,"
    		比妈妈讲得还全的月经小百科，每位父母都应该给女儿准备一本！专业医生答疑解惑，世界各地女性分享真实的月经故事，传达积极的女性意识，让女孩们轻松迎接月经的到来。获澳大利亚年度少儿图书奖！    	"
阿什利·万斯,68621条评论,中信出版社,硅谷钢铁侠：埃隆·马斯克的冒险人生,"
    		猎鹰重型火箭发射成功，带特斯拉升入太空。SpaceＸ太空探索技术公司创始人、环保汽车公司特斯拉CEO埃隆?马斯克全球授权著作！硅谷传奇创业者公开的创新秘籍。雷军、丁磊、罗永浩、周鸿祎等科技迷弟推荐    	"
中国法制出版社,47470条评论,中国法制出版社,中华人民共和国刑法（实用版）（根据刑法修正案十一修订）,"
    		全新收录2020年12月26日公布的《刑法修正案（十一）》以及根据修正案修正后的《刑法》全文，送刑法修正案（十一）新旧条文对照表电子版文件    	"
宫崎骏原作,36790条评论,北京联合出版有限公司,千与千寻（宫崎骏作品。日本上映20周年特别纪念！）,"
    		日本上映20周年特别纪念！宫崎骏作品。全球同时获得奥斯卡金像奖与柏林金熊奖的动画电影。吉卜力工作室官方审核认定。 我们每个人都是千寻，勇敢地走向自己独一无二的人生。    	"
彼得·考夫曼,220542条评论,中信出版社,穷查理宝典：查理·芒格智慧箴言录（全新增订本）,"
    		致中国新一代价值投资者，股权红利大时代下的投资圣经，教你如何拥有芒格的“人生操作系统”。    	"
曹雪芹,599688条评论,人民文学出版社,红楼梦原著版（上、下册，全两册，全本120回）（团购电话:400-1066666转6）,"
    		权威版本！收藏经典！    	"
山下英子,338514条评论,湖南文艺出版社,断舍离（2019新版，全新修订50%以上内容）宫崎骏、张德芬、李冰冰的减法哲学,"
    		一本相当于老版三本，一本书价格=新版《断舍离》+实操手册+扫码看视频。畅销400万册“断舍离”书系集大成之作。对稻盛和夫、张德芬、杨澜、林依晨等影响至深的减法哲学。普通和定制版交替发货请以实际收货为准    	"
斯蒂芬·茨威格,64404条评论,上海文艺出版社,果麦经典：人类群星闪耀时（小米之父雷军、易中天、冯唐推荐！茨威格名作，十四篇历史特写：当改变命运的时刻降临，犹豫就会败北！),"
    		茨威格代表作品，德文直译无删节版。万人评价豆瓣高分作品，9.4分《悉达多》译者姜乙三年打磨倾情献译。14个扭转乾坤的关键时刻，14个决定命运的英雄瞬间。果麦出品    	"
肥志,64925条评论,广东旅游出版社,如果历史是一群喵8·盛世大唐篇,"
    		荣获蔡志忠漫画奖年度大奖！肥志历史萌漫系列第八卷，轻松读懂大唐兴衰幻变，与喵咪一起探讨唐朝大难题！    	"
卡尔森,433517条评论,河北教育出版社,我喜欢自己——邓超微博推荐的绘本 带给孩子更多勇气和自信的绘本！,"
    		★超级奶爸邓超微博推荐的绘本：《我不敢说我怕被骂》《爱打嗝的斑马》《我喜欢自己》《是谁嗯嗯在我的头上》从小就给孩子树立信心，让她从爱自己开始！经典畅销绘本 :大卫不可以系列、大脚丫系列、花婆婆、我爸爸    	"
毛姆,83591条评论,江西人民出版社,面纱（50岁时毛姆写下这个近乎完美的爱情故事，因为每个人都在故事中找到了自己）,"
    		这本小说讲述了爱情中所有的不美好：背叛、猜忌、报复，还有我们终将面对的离别与自我救赎。 毛姆以他冷静得近乎刻薄的方式，将一个女人的堕落与觉醒刻画得淋漓尽致。果麦出品    	"
亚历克斯·希勒,291277条评论,北京联合出版有限公司,天蓝色的彼岸,"
    		如果可以，请好好说再见！儿童生命教育的经典范本。被联合国教科文组织赞誉为“21世纪伟大的生命寓言”。马伯庸、梅子涵、安妮宝贝、周国平感动推荐。全球畅销逾一千万。（禹田文化出品）    	"
意公子,6429条评论,海南摄影美术出版社,大话艺术史（全2册）（大话中国艺术史+大话西方艺术史。句句有梗的极简艺术史！中西艺术发展一次全了解！轻松入门，提高审美）,"
    		一口气读完中西方艺术史，全面掌握艺术关键词，秒变世界名画鉴赏家！头号艺术自媒体意外艺术力作！中西方艺术大师全面汇聚，一次饱览300件艺术珍品，轻松入门艺术史。读客熊猫君出品    	"
优米·斯泰恩斯,25358条评论,海豚出版社,她来了请准备（月经来了，你准备好了吗？）,"
    		比妈妈讲得还全的月经小百科，每位父母都应该给女儿准备一本！专业医生答疑解惑，世界各地女性分享真实的月经故事，传达积极的女性意识，让女孩们轻松迎接月经的到来。获澳大利亚年度少儿图书奖！    	"
肥志,55259条评论,广东旅游出版社,如果历史是一群喵9·五代十国篇,"
    		肥志人气历史萌漫系列第九卷，解构五代十国大乱局，再现用拳头上位的混战时代！荣获蔡志忠漫画奖年度大奖！    	"
郭元婕,37821条评论,北京联合出版有限公司,疯狂的化学 我是学霸 给孩子的趣味化学启蒙绘本,"
    		给中国孩子的趣味化学启蒙书，学好基础科学，探索前沿科技    	"
东野圭吾,337817条评论,南海出版公司,放学后（东野圭吾成名作）,"
    		东野圭吾成名作，梦开始的地方，获江户川乱步奖，中文版销量超过100万册。什么时候人们在意的不是钱，而是友情、爱情、身体、容貌、回忆和梦想？    	"
马劲,185082条评论,北京联合出版有限公司,大宇宙  和爸妈游太空  给孩子的手绘天文绘本,"
    		给孩子的宇宙奥秘启蒙百科绘本，天文地理入门指南。一部迷你《时间简史》，一次奇幻的宇宙时空之旅。    	"
王小波,111753条评论,北京十月文艺出版社,黄金时代（2021版，王小波成名代表作，当代文学经典！罗翔、肖战、朱一龙、麦家、李诞都在读王小波。),"
    		王小波成名代表作，当代文学经典！独·家授·权版本。20世纪中文小说100强。《联合报》中篇小说大奖。罗翔、肖战、朱一龙、麦家、李诞都在读王小波。李银河审定！赠精美藏书票，数量有限，赠完即止。    	"
芭芭拉库尼,509194条评论,河北教育出版社,花婆婆——清华附小推荐的经典绘本！美国国家图书奖作品！,"
    		★多年入选小学推荐阅读书目★清华附小推荐★邓超微博推荐的绘本上线啦：《我不敢说，我怕被骂》《我喜欢自己》《是谁嗯嗯在我的头上》《爱打嗝的斑马》 邓超微博强烈推荐  新的一年带给孩子更多勇气和自信的绘本    	"
Twentine,150887条评论,四川文艺出版社,那个不为人知的故事,"
    		超人气作者Twentine（无量渡口）经典之作，全文精心修订，直击心底深处的柔软。 这是杨昭和陈铭生的故事，这是卧底缉毒警察的故事。 你始终不曾离去，你永远在我心底。 ——酷威文化    	"
郑渊洁,278970条评论,浙江少年儿童出版社,郑渊洁四大名传（全4册，含《罐头小人》电影情节）,"
    		童话大王郑渊洁大电影《皮皮鲁与鲁西西之罐头小人》郑渊洁四大名传大集结，内含电影原著加系列故事，畅销五百万册的国民经典。童年主角齐聚一堂，用智慧和童心陪伴孩子成长。    	"
杨其铎,478481条评论,湖南科技出版社,四五快读 全彩图升级版——幼儿快速识字阅读法（全8册）(让孩子爱上阅读 快乐识字)[精选套装],"
    		全书介绍约640个汉字，1712个词组，由浅入深，从字、词、句到短文，故事，轻松掌握自主阅读的能力    	"
米歇·戴斯玛克特,42524条评论,作家出版社,海奥华预言中文版（米歇戴斯玛克特讲述地球人外星游记外观地球内视生命灵性预言性科幻小说作家出版社）,"
    		地球人的外星游记，外观地球的古往今来，内视自身生命，生命灵性。    	"
尤瓦尔·赫拉利,736455条评论,中信出版社,人类简史：从动物到上帝（第十届文津奖作品。颠覆认知，刷新世界观！我们的过去尽在此书！尤瓦尔赫拉利著，新老版封面随机发）,"
    		《人类简史》十周年畅销纪念版，作者新版序言+全新修订，精美装帧设计全新阐释，打破学科边界，融合多学科领域知识。    	"
杨绛,1539565条评论,生活.读书.新知三联书店,我们仨（新版）,"
    		《我们仨》杨绛以简洁而沉重的语言，回忆先她而去的女儿钱媛、丈夫钱钟书，回忆一家三口那些快乐而艰难、爱与痛的日子。家庭是一生的庇护所，生命的意义不会因为躯体的生灭而有所改变。三联书店出版    	"
李柘远,161900条评论,北京联合出版有限公司,学习高手（90后哈佛耶鲁高分毕业生超实用学习法）,"
    		一本教会你如何学习的书。李柘远（学长LEO）继《不如去闯》后新作。5大模块，30节大课，100+精进方法和独家学习经验，陪你一起终身学习。书内独享LEO妈妈万字分享。朱永新、康辉、蔡康永诚意推荐    	"
曹德旺,98793条评论,人民出版社,心若菩提(增订本),"
    		(增订本 曹德旺个人传记，第92届奥斯卡*纪录片奖《美国工厂》原型人物)    	"
杨本芬,44983条评论,北京联合出版有限公司,秋园（女性版《活着》，80岁素人作家不朽名篇，横扫国内十二项文学大奖）,"
    		八旬老人讲述“妈妈和我”的故事，展现两代中国女性生生不息的坚韧与美好，母女俩共谱深情与催泪之作。女性版《活着》，坦露女性的勇气、反抗与救赎。（其他作品：《浮木》《我本芬芳》）    	"
斯塔夫里阿诺斯,441637条评论,北京大学出版社,全球通史:从史前史到21世纪（第7版修订版上下册，赠送全球通史主题笔记本）,"
    		中国畅销200万册，修订版新增数百幅珍贵的图片和脉络清晰的地图。你将看到一个从来就存在，却被大多数人无视的真实世界。    	"
M.斯科特·派克,189986条评论,北京联合出版有限公司,少有人走的路：心智成熟的旅程（白金升级版）,"
    		一本人人可读，人人可受益的心灵读物    	"
安德斯·艾利克森,338979条评论,机械工业出版社,刻意练习：如何从新手到大师,"
    		杰出不是一种天赋，而是一种人人都可以学会的技巧！迄今发现的更强大学习法，成为任何领域杰出人物的黄金法则！    	"
托马斯·科里,39804条评论,民主与建设出版社,富有的习惯,"
    		富有的习惯，决定你一生财富！托马斯?科里用5年研究177位白手起家的千万富翁及128位穷人的日常习惯，总结出26条“富有的习惯”！    	"
张嘉佳,1128227条评论,湖南文艺出版社,从你的全世界路过：修订本（张嘉佳亲笔签名版与普通版本随机发送）,"
    		华语小说销量奇迹，让所有人心动的故事。每一分钟，都有人在故事里看到自己。随书附赠全世界精美“护照册”，五款随机发送。    	"
陀思妥耶夫斯基,114080条评论,浙江文艺出版社,罪与罚（刑法学罗翔老师推荐版本，用爱和生活去对抗痛苦！）【果麦经典】,"
    		小说描写一个在观念上矛盾的知识分子，想要以自己的方式回应不公平的社会现实，从而实施了一桩谋杀，但此过程和结果大大超出了自己的把控和理解，作者对人之为人的边界、人与社会的关系，进行了无所畏惧的自由探索。    	"
周国平,36740条评论,北京十月文艺出版社,人生哲思录（全新修订版）,"
    		如果你只想读我的一本书，就读这本吧。——周国平 七十年哲思精华总集*版，相比旧版增删多达8万字。生死、苦乐、两性、爱、孤独、艺术…122个人生关键词，122种人生答案。赠两张精美书签    	"
叶真中显,60143条评论,北京联合出版有限公司,绝叫（罗翔推荐，长达四十年的恶女编年史，日本文学社会派推理小说 同名日剧《绝叫》原著）,"
    		豆瓣 2020年度图书 推理·悬疑 Top 1，豆瓣 2019年度电影榜单 Top10《绝叫》原著    	"
作绘者,429593条评论,新星出版社,小鸡球球触感玩具书:全5册（升级点读版，纸板书、触摸发声书、翻翻书、洞洞书）,"
    		触摸书只是摸一摸还不够，其实可以更好玩！和畅销百万册的小鸡球球一起玩触摸游戏，1种发声器+5种互动游戏+14种模切洞洞+ 28种触摸材料，以发展触感为主，其他感官为辅，助力早期认知发展！    	"
亚历山德拉米热林斯卡,147415条评论,贵州人民出版社,地下水下-手绘百科绘本,"
    		《地图》作者代表作品，探索地下水下的生动“地图”。 大开本，炫酷的正反面阅读方式，一书两读，一切关于地下水下的秘密尽在翻转间！（蒲公英童书馆）    	"
佐佐木洋子,1033132条评论,新世纪出版社,小熊宝宝绘本（简装全15册）蒲蒲兰经典绘本！新手妈妈的育儿宝典！(0-3岁),"
    		情节简练，细节反复，培养幼儿语言发展。生活启蒙，引导宝宝养成良好生活习惯。底衬附有指导文字，提醒爸爸妈妈们亲子共读时不要忽略精心布置的细节哦！蒲蒲兰绘本馆经典读物！    	"
项华,28768条评论,北京联合出版有限公司,不能不懂的编程 我是学霸 给孩子的创新编程启蒙绘本,"
    		给中国孩子的编程启蒙书，学好基础科学，探索前沿科技，用兴趣培养孩子编程思维，提升逻辑思考力    	"
阿兰德·丹姆,1508011条评论,贵州人民出版社,小熊和最好的爸爸（全7册）,"
    		一套为爸爸准备的“陪娃指南”，改善爸爸带娃“大眼瞪小眼”的尴尬，让孩子的成长父爱不缺席！（蒲公英童书馆）    	"
歪歪兔关键期早教项目组,214285条评论,海豚出版社,学会管自己幼儿版-歪歪兔自控力教育系列绘本（全10册，幼儿园情绪管理与时间管理绘本）,"
    		3-6岁经典儿童情商绘本，学会管理自己的坏情绪、小欲望、小拖拉，培养责任感，学会自我管理，建立时间观念，锻炼意志力与专注力，大中小班幼儿园自我管理绘本。    	"
黄仁宇,808684条评论,生活.读书.新知三联书店,万历十五年 一本好书 腾讯视频栏目推荐,"
    		（《人民的名义》多次提到《万历十五年》，为什么这么多人研究呢？三联书店出版黄仁宇先生的成名代表之作。万历十五年是大明王朝的转折点，腐败、敷衍，社风奢靡，都是悄悄埋葬大明王朝的导火线，值得当下深思。）    	"
李玫瑾,77099条评论,上海三联书店,心理抚养,"
    		著名犯罪心理学家，中国关心下一代工作委员会委员，中国预防青少年犯罪研究会副会长，中国家庭教育学会常务理事李玫瑾老师继《幽微的人性》之后重磅新作。    	"
当年明月,377368条评论,北京联合出版有限公司,明朝那些事儿增补版.全集,"
    		国民史学读本，持续风行十余年，畅销3000万册，全本白话正说明朝大历史    	"
罗广斌,663040条评论,中国青年出版社,红岩,"
    		激励了无数青年的爱国情怀和奋斗热情    	"
宫西达也,524865条评论,２１世纪出版社,宫西达也恐龙系列全套7册（你看起来好像很好吃+我是霸王龙等）,"
    		各大绘本馆镇馆之宝！宫西达也作品《你看起来好像很好吃》《*爱的 ，是我》《我是霸王龙》《你真好》《永远永远爱你》《我爱你》《遇到你，真好》共七册简装版绘本。温馨故事传达爱的意义，情感教育引领孩子成长    	"
万特特,51709条评论,新世界出版社,这世界很好，但你也不差（打破满意度低幸福感差，这世界真叫人疲倦的死循环。万特特全新作品，《这世界很烦，但你要很可爱》姊妹篇）,"
    		用“这世界很好但我也不差”的自信VS “生而为人我很抱歉”的软弱。20个不知所措的难题，20篇反复再读的故事，20种不同以往的活法，20个原来如此的答案。附赠4张插画明信片+书签    	"
伊丽莎白·弗迪克,430681条评论,贵州教育出版社,手不是用来打人的（儿童好品德系列，全5册）孩子多读就见效的习惯养成书，缓解新手爸妈育儿焦虑，王志庚、孙莉莉、朱爱朝推荐,"
    		《手不是用来打人的/语言不是用来伤人的/细菌不是用来分享的/尾巴不是用来扯的/嗓门不是用来嚷嚷的》，帮助孩子建立规则，修正行为，养成终身受益的好习惯、好品德，美国国家育儿中心专业认证（步印童书馆）    	"
尤瓦尔·赫拉利,736455条评论,中信出版社,人类简史：从动物到上帝（第十届文津奖作品。颠覆认知，刷新世界观！我们的过去尽在此书！尤瓦尔赫拉利著，新老版封面随机发）,"
    		《人类简史》十周年畅销纪念版，作者新版序言+全新修订，精美装帧设计全新阐释，打破学科边界，融合多学科领域知识。    	"
夏洛蒂勃朗特,261484条评论,作家出版社,简爱（英国女作家夏洛蒂·勃朗特的长篇小说，翻译家宋兆霖未删节全译本）,"
    		女性独立自尊的永恒楷模    	"
史蒂芬·柯维,260712条评论,中国青年出版社,"高效能人士的七个习惯（30周年纪念版）（全新增订版）（新增《纽约时报》畅销肖恩·柯维全新观点,管理大师吉姆·柯林斯作序）","
    		打造一套全新的思维方式和原则体系,美团“四大名著”之一,永恒经典,历久弥新思想,提升人生必修课,组织变革成功行动指南,领导CEO案头，职场精英和学生书，教育家和父母必修课    	"
肖克之,194118条评论,北京联合出版有限公司,二十四节气自然绘本 让孩子了解自然的瞬息万变 科普百科绘本,"
    		详细了解冬奥会上出现的二十四节气。中国农业博物馆研究馆员给孩子的节气百科绘本，为孩子讲述节气的农事、民俗、诗词、美食、节日、游戏、动植物和神话传说。画给孩子的节气启蒙书。    	"
王旭烽,17563条评论,浙江文艺出版社,望江南（你一句春不晚，我就到了真江南。茅奖得主王旭烽，沉潜26年，最新长篇小说力作。）,"
    		在一片叶子的乾坤中，品饮世间人情，体悟命运流转。茶人精神、江南文化、家国情怀，  见证个人史、家族史、民族史中的百年中国。    	"
史铁生,274078条评论,人民文学出版社,我与地坛（纪念版）,"
"
阎真,117414条评论,北京十月文艺出版社,沧浪之水（某瓣8.5分，入围茅盾文学奖。职场小白、考公人的启蒙之书。胡军、于和伟主演电视剧岁月原著。2021版）,"
    		阎真长篇小说代表作，长销20年。一本可以帮你找到立足之地的人生之书。每个迷茫的职场人，都能在这本书中找到答案。胡军、于和伟主演高分国剧原著。    	"
刘琳,74583条评论,古吴轩出版社,逻辑表达力:说话缜密有趣，一句顶一万句,"
    		人际沟通达人刘琳全新力作，开创简单有效的逻辑口才训练。凝聚戴尔·卡耐基、罗曼·罗兰、约翰·R·斯托克等人的说话精进技巧，帮你提升表达力，一句能顶一万句    	"
埃尔维·杜莱,120121条评论,海豚出版社,2021新版 点点点（小黄和小蓝升级版）宝宝视觉锻炼 杜莱大师作品 0-2 3-6岁幼儿启蒙绘本 早教书 [0-2岁],"
    		曾连续四年稳居《纽约时报》畅销书前十    	"
托马斯·科里,39804条评论,民主与建设出版社,富有的习惯,"
    		富有的习惯，决定你一生财富！托马斯?科里用5年研究177位白手起家的千万富翁及128位穷人的日常习惯，总结出26条“富有的习惯”！    	"
霍晨昕,463438条评论,四川人民出版社,走遍中国 图说天下 寻梦之旅,"
    		罕见的山水奇特与独特的民俗风情交相辉映，千年的历史遗迹与珍贵的文明积淀相互碰撞，雄伟的名山大川与温润的小桥流水携手共唱……这里有一首首美妙的协奏曲，这里有一幅幅精美绝伦的地理景观，中国的极致之美在这里    	"
渡边淳一,430746条评论,青岛出版社,钝感力（渡边淳一经典励志大作！央视新闻、《奇葩说》鼎力推荐，马东、蔡康永、杨天真、王俊凯推荐书目。写给易因小事敏感，什么都往心里去的人。),"
    		文学大师渡边淳一75载人生智慧，世界狂销600万册。写给易因小事而动摇、敏感、什么都往心里去的人。帮你玩转人际关系，缓解焦虑情绪，排遣工作压力。当当励志榜、人民日报/光明网，多位跨界名人书单。    	"
乔治·奥威尔,223997条评论,时代文艺出版社,一九八四（又译“1984”。奥威尔代表作，反乌托邦杰作之一）,"
    		让你感到紧张、刺激、不安的讽喻小说    	"
丛非从,16368条评论,万卷出版公司,养育你内心的小孩（你缺少的从来不是方法，而是底气。与其向外寻求和解，不如陪你内心的小孩长大！）,"
    		资深心理咨询师丛非从十年经验梳理！安全感、自由感、价值感、意义感、亲密感，五大需要引领你了解内心深处的自己。16幅全彩剧情漫画，拥有观影般沉浸式阅读体验。附赠可爱柴犬点赞表情包贴纸。果麦出品    	"
曹德旺,98793条评论,人民出版社,心若菩提(增订本),"
    		(增订本 曹德旺个人传记，第92届奥斯卡*纪录片奖《美国工厂》原型人物)    	"
洛莉·戈特利布,69909条评论,上海文化出版社,也许你该找个人聊聊（入选2021豆瓣受关注图书榜、新京报年度阅读推荐榜；心理学泰斗欧文·亚隆推荐，心理学家李松蔚审校并作序）,"
    		继《蛤蟆先生去看心理医生》后，又一个关于心理咨询的动人故事；豆瓣6000+人评分9分；专业、治愈，更有高分美剧般的阅读体验。果麦出品    	"
珊蒂克雷文,395288条评论,青岛出版社,学会爱自己（防性侵，安全意识、行为习惯培养绘本，套装全14册）李佳琦直播推荐,"
    		教孩子免受性侵犯！学会保护自己！（全14册）学会抵御心理伤害，培养健康性格！学会管理自己，做对自己负责任的主人。内含不要随便摸我孩子安全教育儿童绘本！（绘声绘色童书汇）    	"
克利斯提昂,908708条评论,二十一世纪出版社,不一样的卡梅拉手绘本（1-12册）,"
    		读不一样的卡梅拉，成就与众不同的你！儿童绘本    	"
戴维·迈尔斯,249186条评论,人民邮电出版社,社会心理学（第11版）,"
    		曾被翻译成12种语言，全球有800多万人用它来学习社会心理学，中文版曾重印42次，销量逾40万，津巴多和彭凯平联袂推荐！    	"
曹文轩,254279条评论,天天出版社有限责任公司,青铜葵花（当当网定制版）,"
    		（草房子、青铜葵花作者国际安徒生奖得主曹文轩作品，入选全国统编语文教材，重新修订真正完整版7-8-9-10-12岁小学课外阅读，3-6年级课外阅读推荐，入选美国2017年度三大图书榜单。成长·亲情·）    	"
白茶,22965条评论,人民文学出版社,就喜欢你看不惯我又干不掉我的样子6（白茶著 亲笔签名本+吾皇、巴扎黑立牌）,"
"
歪歪兔关键期早教项目组,369428条评论,海豚出版社,歪歪兔逆商教育系列图画书合集全20册（儿童情绪与行为引导培养，逆商培养挫折教育，歪歪兔童书馆出品）,"
    		全20册，20个挫折情境，20个解决办法，帮孩子直面困难和压力，学会解决问题。2-6岁儿童逆商培养系列经典绘本。情绪管理与性格培养，帮孩子坚强自信、勇敢面对挫折，入学焦虑绘本，入学准备。    	"
武志红,14143条评论,新星出版社,自我的诞生（知名心理咨询师武志红转向“自我”研究的里程碑式作品）,"
    		原来我们大多数的痛苦都源于“自我”尚未形成。拿下这本书，带走一个强大的自我！    	"
阿兰德·丹姆,1508011条评论,贵州人民出版社,小熊和最好的爸爸（全7册）,"
    		一套为爸爸准备的“陪娃指南”，改善爸爸带娃“大眼瞪小眼”的尴尬，让孩子的成长父爱不缺席！（蒲公英童书馆）    	"
兰道尔·门罗,2635条评论,天津科学技术出版社,兰道尔·门罗脑洞科普套装（共2册）：What if（畅销纪念版）+How to  文津奖推荐图书,"
    		美国国宝级作家兰道尔·门罗[新作+经典]双壁组合。比尔·盖茨、超人气科普大V毕导推荐。What if？为脑洞大开的问题找到答案，How to则异想天开地解决普通问题    	"
袁了凡,136252条评论,三秦出版社,果麦经典：了凡四训（“我命由我不由天！”曾国藩、胡适、稻盛和夫推崇的生活方式手册；费勇教授精美译文）,"
    		命由我作，福自己求。胡适，稻盛和夫提倡阅读的生活方式手册。《金刚经修心课》作者费勇教授精美译文。袁了凡毕生感悟和盘托出，毫无保留。贯通儒释道，渊博而浅易的国学典籍。 果麦出品    	"
张景,20873条评论,中华书局,道德经（中华经典名著全本全注全译-三全本）,"
    		诸子之首——《道德经》。中华书局出版。 新旧版本随机发放。    	"
麦克,270803条评论,二十一世纪出版社,彩虹色的花,"
    		绘本大师麦克?格雷涅茨作品——生命轮回，唯爱永存    	"
顾诚,50311条评论,北京日报出版社,南明史（全2册）（内斗就要亡国，亡国也要内斗！从南明的灭亡，看透人性的荒唐！荣获中国国家图书奖，明史大家顾诚代表作）,"
    		内斗就要亡国，亡国也要内斗！从南明的灭亡，看透人性的荒唐！荣获中国国家图书奖，北京市哲学社会科学优秀成果一等奖。明史大家顾诚代表作，豆瓣9.3分，不可不读的史学经典，读客熊猫君出品    	"
万特特,51709条评论,新世界出版社,这世界很好，但你也不差（打破满意度低幸福感差，这世界真叫人疲倦的死循环。万特特全新作品，《这世界很烦，但你要很可爱》姊妹篇）,"
    		用“这世界很好但我也不差”的自信VS “生而为人我很抱歉”的软弱。20个不知所措的难题，20篇反复再读的故事，20种不同以往的活法，20个原来如此的答案。附赠4张插画明信片+书签    	"
袁了凡,136252条评论,三秦出版社,果麦经典：了凡四训（“我命由我不由天！”曾国藩、胡适、稻盛和夫推崇的生活方式手册；费勇教授精美译文）,"
    		命由我作，福自己求。胡适，稻盛和夫提倡阅读的生活方式手册。《金刚经修心课》作者费勇教授精美译文。袁了凡毕生感悟和盘托出，毫无保留。贯通儒释道，渊博而浅易的国学典籍。 果麦出品    	"
东野圭吾,820199条评论,南海出版公司,恶意（东野圭吾四大杰作之一。最大的恶意不是杀了你，而是毁了你。颠覆推理，直面人性深渊！2022新译本）,"
    		东野圭吾高口碑名作！赌上全部人生也要贯彻到底的恶意，究竟从何而来？与《白夜行》《嫌疑人X的献身》《解忧杂货店》并称四大杰作。越接近真相，越不寒而栗！中文版发行量超350万+册。    	"
马德琳·英格,256742条评论,文汇出版社,梅格时空大冒险·7~14岁儿童文学科幻经典（全5册）银河的裂缝 等5册儿童文学史上家喻户晓、不可逾越的经典,"
    		儿童文学史上家喻户晓、不可逾越的经典！纽伯瑞儿童文学金奖、美国国家图书奖作品！被BBC评为100年来10本伟大的童书之一。其中《时间的折皱》被迪士尼拍成同名电影。亲近母语六年级！小读客出品    	"
约恩·卡尔曼·斯特凡松,8263条评论,四川文艺出版社,鱼没有脚（布克国际文学奖提名作品）,"
    		2017年布克国际奖提名作品/小红书同款治愈书籍/诺贝尔文学奖候选人、冰岛桂冠诗人约恩·卡尔曼·斯特凡松的文学力作！世界上痛苦的事情一定是不曾尽力去爱...    	"
日向理惠子,73857条评论,新星出版社,下雨的书店（全4册）,"
    		穿过书架迷宫，欢迎来到下雨的书店，经历不可思议的冒险，让每个孩子都成为想象大师，在书的世界里寻找自己的故事。中国童书榜年度100佳童书，日本小学语文，读者眼中适合拍成宫崎骏动画的儿童幻想小说    	"
柏拉图,26493条评论,华夏出版社,苏格拉底的申辩,"
"
渡边淳一,430746条评论,青岛出版社,钝感力（渡边淳一经典励志大作！央视新闻、《奇葩说》鼎力推荐，马东、蔡康永、杨天真、王俊凯推荐书目。写给易因小事敏感，什么都往心里去的人。),"
    		文学大师渡边淳一75载人生智慧，世界狂销600万册。写给易因小事而动摇、敏感、什么都往心里去的人。帮你玩转人际关系，缓解焦虑情绪，排遣工作压力。当当励志榜、人民日报/光明网，多位跨界名人书单。    	"
小川糸,184437条评论,湖南文艺出版社,山茶文具店（陆定昊诚挚推荐，日本畅销作家小川糸备受好评暖心之作）,"
    		日本全国700多家书店店员投票选出的*想卖的书！ 2016、2017连续两年获日本“书店大奖”重推！日本畅销作家小川糸备受好评暖心之作！内附作者亲笔书信！执笔写下说不出的话，与思念之人见字如面。    	"
项华,345512条评论,北京联合出版有限公司,万物由来科学绘本 写给孩子的科普绘本,"
    		26个主题，近300个知识点，北京师范大学教授联手获奖无数的国际插画师，专门回答那些孩子不知道、家长不好答的问题！从太阳到植物，从恐龙到病菌，从巧克力到冰激凌，从金字塔的修建到火箭的发射…    	"
莫言,331297条评论,人民文学出版社,晚熟的人（莫言新书）,"
    		莫言获得诺贝尔文学奖后小说。从《红高粱》到《晚熟的人》，从历史深处到当下现实，从开天辟地到气象万千。 依然是读者熟悉的那个莫言，带给我们陌生全新的阅读体验。    	"
Twentine,150887条评论,四川文艺出版社,那个不为人知的故事,"
    		超人气作者Twentine（无量渡口）经典之作，全文精心修订，直击心底深处的柔软。 这是杨昭和陈铭生的故事，这是卧底缉毒警察的故事。 你始终不曾离去，你永远在我心底。 ——酷威文化    	"
马歇尔,725737条评论,华夏出版社,非暴力沟通（修订版）,"
    		总销量超200万册的经典沟通力作 入选香港大学推荐的50本书籍 樊登、十点力荐    	"
哥伦比亚,832357条评论,南海出版公司,霍乱时期的爱情（《百年孤独》作者马尔克斯传世巨著，展示爱情的所有可能）,"
    		《百年孤独》作者马尔克斯传世名著，深刻影响莫言、余华的写作生涯，写尽人类爱情所有可能：一个人能为爱等多久？答案是五十一年九个月零四天。中文版畅销300万册，一本好书节目推荐    	"
歪歪兔关键期早教项目组,214285条评论,海豚出版社,学会管自己幼儿版-歪歪兔自控力教育系列绘本（全10册，幼儿园情绪管理与时间管理绘本）,"
    		3-6岁经典儿童情商绘本，学会管理自己的坏情绪、小欲望、小拖拉，培养责任感，学会自我管理，建立时间观念，锻炼意志力与专注力，大中小班幼儿园自我管理绘本。    	"
安东尼,845136条评论,河北教育出版社,我爸爸+我妈妈（全2册）——清华附小推荐经典儿童绘本 ！（启发童书馆出品）,"
    		★多年入选小学推荐阅读书目★清华附小推荐★邓超微博推荐的绘本上线啦：《我不敢说，我怕被骂》《我喜欢自己》《是谁嗯嗯在我的头上》《爱打嗝的斑马》 邓超微博强烈推荐  新的一年带给孩子更多勇气和自信绘本    	"
张嘉佳,1344201条评论,湖南文艺出版社,云边有个小卖部（陆定昊诚挚推荐，随书附赠云边镇四季明信片和张嘉佳作词单曲彩蛋）,"
    		写给陪伴我们的人，写给每个人心中的山和海。如果你有时间打开，那请给我一个机会，陪伴你度过安静的阅读时光。随书附赠云边镇四季明信片和张嘉佳作词单曲彩蛋。    	"
Troll,98038条评论,海豚出版社,暖房子·屁屁侦探系列（套装共7册）,"
    		在日销量破百万册，阅读推广人绘本榜单常客！培养孩子专注力、观察力、幽默感和成就感的超人气解谜趣味绘本！幽默好玩的图画，层层相扣的情节，紧张且有逻辑的通关任务，超适合孩子的“杀时间”绘本！禹田文化出品    	"
东野圭吾,820199条评论,南海出版公司,恶意（东野圭吾四大杰作之一。最大的恶意不是杀了你，而是毁了你。颠覆推理，直面人性深渊！2022新译本）,"
    		东野圭吾高口碑名作！赌上全部人生也要贯彻到底的恶意，究竟从何而来？与《白夜行》《嫌疑人X的献身》《解忧杂货店》并称四大杰作。越接近真相，越不寒而栗！中文版发行量超350万+册。    	"
余华,59873条评论,北京十月文艺出版社,许三观卖血记（2017精装典藏版，增录新版自序）,"
    		入选中国百位批评家和文学编辑评选的“20世纪90年代10大作品”  2017精装典藏    	"
柏拉图,40341条评论,民主与建设出版社,理想国（2020全译本，西方哲学的源头，清华大学、北京大学图书馆借阅榜首位）,"
    		（爱默生说“烧掉所有的图书馆吧，因为所有的价值都在这本书里了。”《理想国》将读者引入一个朴素美好的思想殿堂，成为培养读者心灵与智慧的沃土。梁文道、朱光潜盛赞推崇！）    	"
刘兴诗,25844条评论,青岛出版社,少年读山海经（地理+神话+怪兽+奇闻+古文，套装 全3册 ）,"
    		当代地质学家刘兴诗，以地理启蒙\文化认知\原典精读的视角，融合多学科知识，给孩子讲读一部完整的《山海经》！    	"
赫尔曼·黑塞,24469条评论,民主与建设出版社,悉达多（诺贝尔文学奖得主赫尔曼·黑塞的代表作，德文直译，原版呈现。）,"
    		(被译成60多种语言，畅销全球70年。无数年轻又迷惘的灵魂，都从黑塞的作品中窥见了生命的真谛、找到自我！)    	"
陈磊,86082条评论,文汇出版社,半小时漫画中国史1-5（全5册）（中国史大结局！笑着笑着，大清就亡了！漫画科普开创者混子哥陈磊新作！）,"
    		中国史大结局！混子哥新作！全网粉丝1500万！看半小时漫画，通五千年历史！其实是一本严谨的极简中国史！笑着笑着，大清就亡了！翻开本书，在笑出腹肌的同时通晓历史！读客熊猫君出品    	"
古斯塔夫·勒庞,694824条评论,民主与建设出版社,乌合之众 : 大众心理研究（群体心理学创始人古斯塔夫·勒庞代表作之一。极简翻译文风，语言深入浅出，减少艰深晦涩）,"
    		群体心理学奠基之作，弗洛伊德誉之为“当之无愧的名著”，影响罗斯福、戴高乐等政要。中科院心理学硕士马晓佳2018全译本。    	"
哥伦比亚,832358条评论,南海出版公司,霍乱时期的爱情（《百年孤独》作者马尔克斯传世巨著，展示爱情的所有可能）,"
    		《百年孤独》作者马尔克斯传世名著，深刻影响莫言、余华的写作生涯，写尽人类爱情所有可能：一个人能为爱等多久？答案是五十一年九个月零四天。中文版畅销300万册，一本好书节目推荐    	"
季羡林,336847条评论,古吴轩出版社,心安即是归处（季羡林百年生命智慧。央视《朗读者》多次动情朗读本书名篇，贾平凹、白岩松、金庸、林青霞诚意推荐）,"
    		央视《朗读者》节目多次朗读书目。跨四代共读心灵读本，一本书阅尽大师智慧精华！人生*好状态就是活得清醒、坦荡、真实。季羡林写给万千迷茫的青年一代！愿你历尽沧桑，永葆天真模样    	"
余秀华,137508条评论,北京十月文艺出版社,月光落在左手上（精装珍藏版）,"
    		精装珍藏版 经典诗歌+新作 全彩图片展示诗人生活创作环境，陈冲 罗新 詹青云 程璧推荐    	"
赖马,151579条评论,河北教育出版社,十二生肖的故事——首届丰子恺儿童图画书奖得主  赖马作品！,"
    		◆台湾趣味绘本大师赖马创作20周年纪念版 ◆中华文化经典、浓浓的年味、十足的中国风 ◆赖式幽默为你呈现令人捧腹的十二生肖故事！    	"
王小波,328971条评论,北京十月文艺出版社,沉默的大多数（爱智慧、爱自由、反对愚蠢，读王小波的“上头之选”！依据王小波手稿、生前定稿修订多年讹误，SHOU度以读者视角排定蕞佳阅读顺序。）,"
    		王小波智慧之书！肖战朱一龙麦家李诞都在读王小波，独·家授·权，崭新编排，李银河审定。恢复《个人尊严》《域外杂谈·农场》等篇目初始文本！用沉默影响世界！    	"
兰梦醒,201707条评论,北京理工大学出版社,孩子读得懂的山海经（共3册）神话+神兽+异人国,"
    		冰心儿童文学奖获奖作家，用270个新故事，再塑山海经宇宙 +三位大师级获奖插画师，原创300幅画作，再现山海经灵魂    	"
玛兹丽施,977995条评论,中央编译出版社,如何说孩子才会听 怎么听孩子才肯说（全新修订版，涂磊推荐）,"
    		影响全球的家教图书，给中国父母巨大帮助！让你成为真正的好妈妈！2012年获出版商务周报十大年度风云生活好书，2013年获新浪育儿养育类图书年度推荐奖    	"
达娜·萨斯金德,227884条评论,机械工业出版社,父母的语言：3000万词汇塑造更强大的学习型大脑,"
    		父母的语言是刺激大脑发育*好的教育资源。3000万的词汇差距会极大影响儿童在数学概念、读写能力、自我管理、执行力、批判性思维、情商、创造力和毅力等方面的表现。    	"
贾雷德·戴蒙德,26266条评论,中信出版社,枪炮、病菌与钢铁（赠解读册）,"
    		人类大历史开山之作；美国普利策奖、英国科普奖获奖作品；全面增补、校订译文；作者亲笔撰写中文出版序；附赠《解读册》，陈嘉映、赵鼎新、高毅、钱颖一、俞敏洪、吴军、梁文道、严飞、郝景芳等15位专家倾力解读    	"
高铭,1499643条评论,北京联合出版有限公司,天才在左 疯子在右(全新完整版),"
    		高圆圆、陈乔恩、李宇春、胡歌、刘昊然盛情推荐！女神、男神都在看的传奇畅销书！借疯子的策略，唤醒你未知的灵魂！看高智商疯子如何调戏和“羞辱”正常人！    	"
项华,48971条评论,北京联合出版有限公司,这么好玩的物理 我是学霸 给孩子的物理启蒙科普绘本,"
    		北师大物理课程博导编写，7大物理基础主题 为孩子构建全面知识体系，对标 中小学课程标准 ，涵盖 小学 及 初中 阶段重点 物理 知识点    	"
马歇尔,725737条评论,华夏出版社,非暴力沟通（修订版）,"
    		总销量超200万册的经典沟通力作 入选香港大学推荐的50本书籍 樊登、十点力荐    	"
约翰·史崔勒基,143583条评论,天津人民出版社,世界尽头的咖啡馆（做决定前读一遍，少走弯路！美国57所高校指定研讨读物）,"
    		心理自助经典，通透生活指南。读完后辞职率超高的一本奇书。被翻译成39种语言，连续4年盘踞德国亚马逊年度畅销总榜。果麦出品    	"
Troll,98038条评论,海豚出版社,暖房子·屁屁侦探系列（套装共7册）,"
    		在日销量破百万册，阅读推广人绘本榜单常客！培养孩子专注力、观察力、幽默感和成就感的超人气解谜趣味绘本！幽默好玩的图画，层层相扣的情节，紧张且有逻辑的通关任务，超适合孩子的“杀时间”绘本！禹田文化出品    	"
简·尼尔森,1932877条评论,北京联合出版公司,正面管教(修订版),"
    		如何不惩罚、不娇纵地有效管教孩子。畅销美国400多万册，被翻译成16种语言畅销全球；让数百万孩子、父母和老师受益终身的经典之作；自1981年本书*版出版以来，《正面管教》已经成为管教孩子的“黄金准则    	"
中村恒子,562024条评论,北京日报出版社,人间值得（90岁心理医生恒子奶奶写给生活的哲思小书。十点读书、《读者》2019年度“十大影响力好书”、人民日报力荐2020新年书单。）,"
    		宝藏奶奶的人生36条感悟，正面解读工作、家庭、人际关系、孤独、死亡等人生课题，给人直面生活的勇气，愿每个人都能从人间失格直至人间值得！愿你遍历山河，仍觉人间值得！    	"
乙一,202168条评论,南海出版公司,夏天、烟火和我的尸体（张震、田燚推荐。乙一16岁惊世成名作，高口碑暗黑杰作，获第6届JUMP小说大奖）,"
    		田燚推荐。九岁那年夏天，我看着我的尸体漫山遍野奔跑。一部书写恶与天真的暗黑杰作。乙一16岁惊世成名作，轰动文坛。这个盛夏的故事，让人冷到骨子里。    	"
毛姆,1364220条评论,浙江文艺出版社,作家榜经典：月亮与六便士（全新未删节插图珍藏版！毛姆写给年轻人的梦想之书！满地都是六便士，他却抬头看见了月亮！）,"
    		此译本荣获2017年度豆瓣阅读总榜桂冠！连续4年横扫当当世界名著畅销榜！开创1362562条真实口碑热评！认准诗人徐淳刚经典全译本！译自英国原版！读者好评如潮！谨防山寨仿冒！    	"
吴恩瑛,58086条评论,中信出版社,最温柔的教养（130则实用亲子用语范例，治愈童年的自己，温暖孩子的一生）,"
    		打动人心的育儿法，登顶韩国YES24、Aladin畅销榜，韩国国民育儿导师吴恩英重磅力作。    	"
作绘者,429593条评论,新星出版社,小鸡球球触感玩具书:全5册（升级点读版，纸板书、触摸发声书、翻翻书、洞洞书）,"
    		触摸书只是摸一摸还不够，其实可以更好玩！和畅销百万册的小鸡球球一起玩触摸游戏，1种发声器+5种互动游戏+14种模切洞洞+ 28种触摸材料，以发展触感为主，其他感官为辅，助力早期认知发展！    	"
余秋雨,26229条评论,北京联合出版有限公司,文化苦旅（余秋雨定稿版 ，作者直接授权，逐字修订！ ）,"
    		30周年纪念作者亲定版，变动篇幅接近50%，重新收录《白发苏州》《青云谱》等14篇经典名作！    	"
孙蓓,52585条评论,人民邮电出版社,小羊上山儿童汉语分级读物第1级（10册套装）,"
    		阅读识字法宝来了！中国原创汉语分级读物《小羊上山》，让孩子一看就懂，零起点学会独立阅读，快速掌握学前核心480字，轻松度过幼小衔接关键期！多领域专家、作者联手幼儿园一线老师团队给中国孩子匠心打造！附赠    	"
克里斯多福·孟,762100条评论,湖南文艺出版社,亲密关系：通往灵魂的桥梁（新版）：杨天真推荐，这本书告诉我们如何穿透自我障碍，用爱酿造幸福秘方,"
    		资深生命教练、演说家克里斯多福?孟代表作，带你掌握所有人际关系包括浪漫的亲密关系的本质，华语世界深具影响力身心灵作家张德芬翻译并全力推荐。    	"
山姆·麦克布雷尼,133561条评论,明天出版社,信谊世界精选图画书-猜猜我有多爱你,"
    		荣获《出版人》“2019书业年度评选年度畅销书。销量破5000万册，亲子共读书单上不可缺少的一本绘本，开启中国孩子的图画书阅读时代（央视【朗读者】节目第9期奥运冠军邹市明，冉莹颖一家四口甜蜜朗读）    	"
五味太郎,54195条评论,贵州人民出版社,语言表达第一课（全4册）,"
    		绘本奇才五味太郎代表作，简单的字句和巧妙的创意，展现语言的乐趣， 刺激学语期孩子的表达欲望，培养孩子的语言表达力！（蒲公英童书馆出品）    	"
艾德兰,594336条评论,未来出版社,我们的身体,"
    		【李佳琦推荐】3-6岁儿童性教育启蒙立体科普书！超好玩、全面的人体百科，翻翻、转转、拉拉、触摸等多重趣味互动环节，让孩子爱上阅读，爱上探索！ 乐乐趣科普阅读翻翻书    	"
张嘉佳,1344201条评论,湖南文艺出版社,云边有个小卖部（陆定昊诚挚推荐，随书附赠云边镇四季明信片和张嘉佳作词单曲彩蛋）,"
    		写给陪伴我们的人，写给每个人心中的山和海。如果你有时间打开，那请给我一个机会，陪伴你度过安静的阅读时光。随书附赠云边镇四季明信片和张嘉佳作词单曲彩蛋。    	"
余华,497747条评论,新星出版社,第七天（2018版）,"
    		比《活着》更绝望，比《兄弟》更荒诞，获华语文学传媒大奖·年度杰出作家    	"
苏缨,4442条评论,湖南文艺出版社,人间词话精读：大师笔下绝美诗词品鉴（苏缨解读，王国维经典《人间词话》）,"
    		1-9年级书目王国维《人间词话》——苏缨赏读经典之一，诗词品鉴圣手六十万言妙笔细读，融会中西诗学、海量诗词知识。从《诗经》到纳兰词，一部蔚为壮观的词的历史    	"
钱钟书,1201451条评论,人民文学出版社,围城,"
"
亚历山德拉米热林斯卡,147415条评论,贵州人民出版社,地下水下-手绘百科绘本,"
    		《地图》作者代表作品，探索地下水下的生动“地图”。 大开本，炫酷的正反面阅读方式，一书两读，一切关于地下水下的秘密尽在翻转间！（蒲公英童书馆）    	"
余华,26982条评论,北京十月文艺出版社,在细雨中呼喊（精装版）,"
    		央视《朗读者》推荐，余华长篇小说，2018新版精装典藏。    	"
珍妮特·温特森,215756条评论,北京联合出版有限公司,橘子不是唯一的水果,"
    		橘子不是唯 一的水果，你的人生，还有别的可能！张悦然、蒋方舟、任晓雯、刘瑜一致推荐的当代英国天才女作家 。一部大胆的、光芒四射的小说。就天赋与灵气而言，少有作家能与珍妮特·温特森相比！    	"
毛姆,152155条评论,时代文艺出版社,面纱（毛姆关于女性精神觉醒的经典作品，三次改编成电影。2018全新编校+无删减全译本）,"
    		毛姆笔下“一部以故事情节而不是以人物为发展契机的小说”。一场乱世爱情，一幕婚外恋，一个女人关于爱与自我的救赎。在书中收获爱情与自由的真谛。    	"
乔安娜柯尔,1335383条评论,贵州人民出版社,神奇校车·桥梁书版（全20册）,"
    		幼小衔接升级阅读，科普“桥梁书”匠心之作，跟随神奇校车继续科学冒险之旅，校车迷不可错过的独立阅读读本！（蒲公英童书馆）    	"
罗兰·米勒,88274条评论,人民邮电出版社,亲密关系（第6版）,"
    		百科全书式的两性心理学专著，《亲密关系》一定能让你的亲密关系获益！    	"
余华,310833条评论,北京十月文艺出版社,文城（余华新书，时隔8年重磅归来，《活着》之后又一精彩力作）,"
    		余华时隔8年重磅新作！写《活着》的余华又回来了！人生就是自己的往事和他人的序章。关于一个人和他一生的寻找，以及一群人和一个汹涌的年代。精彩过瘾，不负等待！易烊千玺挚爱作家。    	"
艾瑞克·利温,314264条评论,文汇出版社,皮特猫·3~6岁好性格养成书：第一辑（共6册）（乐观、积极、开朗……荣获19项大奖的好性格榜样，在美国家喻户晓）,"
    		“皮特猫哭了吗？不，他才不哭哪。” 美国儿童图书馆协会推荐，荣获苏斯博士银奖等19项童书大奖，《纽约时报》畅销书，在美国家喻户晓，几乎每个孩子都在读。好性格养成就看这一套！小读客出品    	"
安东尼,845136条评论,河北教育出版社,我爸爸+我妈妈（全2册）——清华附小推荐经典儿童绘本 ！（启发童书馆出品）,"
    		★多年入选小学推荐阅读书目★清华附小推荐★邓超微博推荐的绘本上线啦：《我不敢说，我怕被骂》《我喜欢自己》《是谁嗯嗯在我的头上》《爱打嗝的斑马》 邓超微博强烈推荐  新的一年带给孩子更多勇气和自信绘本    	"
刘润,87037条评论,机械工业出版社,底层逻辑：看清这个世界的底牌,"
    		著名商业顾问刘润为你准备的一整套思维框架，助你启动“开挂人生”。与50万学员、190万公众号读者一同学习底层逻辑，远离竞争、获得指数级成长、聪明地获得财富……在千变万化的复杂世界中如鱼得水。    	"
阿克塞尔·舍夫勒,129164条评论,外语教学与研究出版社,小小聪明豆绘本系列:波西和皮普(套装共7册),"
    		聪明豆绘本系列低幼篇，汇集世界经典低幼图画书，让孩子在故事中体会一个个甜蜜的成长烦恼，为童年留下暖心的美丽回忆    	"
五味太郎,265477条评论,新星出版社,五味太郎：小金鱼逃走了,"
    		火遍小红书的五味太郎经典之作，日本销量达300万册。小金鱼逃走了，它会藏到哪呢？在寻找过程中提升宝宝的观察力、专注力和认知能力，感受探索乐趣，还能数学启蒙！益智书+玩具书+游戏书，育儿大V香蕉妈妈力荐    	"
豆豆,385861条评论,作家出版社,遥远的救世主（天道原著王志文主演电视剧畅销遥远的救世主作者豆豆三部曲之一）,"
    		豆瓣评分9.2分国产神剧《天道》原著小说    	"
高野和明,265705条评论,上海文艺出版社,消失的13级台阶（罗翔推荐！荣获日本推理小说至高荣誉江户川乱步奖！是否值得为一场痛快的复仇，陪葬掉自己的人生？）,"
    		日本推理女王宫部美雪好评盛赞！作者高野和明曾获日本推理作家协会奖。本书荣获周刊文春“推理小说BEST10”第2名。入围“这本推理小说了不起”榜单。扑朔迷离的案件背后，是对死刑制度的探讨。读客熊猫君出品    	"
福田纯子,118242条评论,海豚出版社,心灵教科书绘本系列：西兰花先生的理发店（教会孩子：敢于打破常规思维，培养创新意识）丁虹绘本馆出品[3-6岁],"
    		日本精选绘本大赛优 秀奖得主福田纯子倾情奉献。知名阅读推广人、中科院儿童心理学专家徐静琰真诚推荐。教会孩子：敢于打破常规，培养创新意识；告诉大人：有时候，孩子也是我们的老师。附赠大幅实用导读。    	"
安托万·德·圣埃克苏佩里,1505304条评论,天津人民出版社,小王子（罗翔老师推荐阅读，李继宏口碑译作，作者基金会官方认证简体中文版）【果麦经典】,"
    		新旧版本封面随机发货。法国“圣埃克苏佩里基金会”官方认证，正版图片库支持，翻译家李继宏力作，制作精美，王一博、宁静优选版本，一部写给所有人的童话，万字导读彩插带你真正读懂小王子。果麦出品    	"
罗翔,67221条评论,中国法制出版社,圆圈正义,"
    		B站粉丝逾2000万的罗翔教授讲解法律义理、评说热点案件、分享求学感悟。得到APP创办人罗振宇强烈推荐，政法学院学子人手，全专业新生推荐阅读。    	"
柳萍,184969条评论,吉林美术出版社,画给孩子的中国历史 : 精装彩绘本（地图里的上下五千年，孩子拿起来就放不下。）,"
    		（精装漫画彩绘本，一本书让孩子轻松通晓五千年中国史！19条历史脉络，从上古时期到明清，每个朝代都附有疆域地图，图文并茂，通俗有趣！了解历史知识，开阔胸襟和眼界。）    	"
安托万·德·圣埃克苏佩里,1505304条评论,天津人民出版社,小王子（罗翔老师推荐阅读，李继宏口碑译作，作者基金会官方认证简体中文版）【果麦经典】,"
    		新旧版本封面随机发货。法国“圣埃克苏佩里基金会”官方认证，正版图片库支持，翻译家李继宏力作，制作精美，王一博、宁静优选版本，一部写给所有人的童话，万字导读彩插带你真正读懂小王子。果麦出品    	"
罗翔,67221条评论,中国法制出版社,圆圈正义,"
    		B站粉丝逾2000万的罗翔教授讲解法律义理、评说热点案件、分享求学感悟。得到APP创办人罗振宇强烈推荐，政法学院学子人手，全专业新生推荐阅读。    	"
张嘉骅,1183876条评论,青岛出版社,少年读史记（套装全5册）,"
    		精巧32开本。荣获第六届中华优秀出版物奖 ；史学、文学、哲学、国学一次到位，台湾著名儿童文学作家张嘉骅倾力打造更适合孩子阅读的《史记》！    	"
兰小欢,83538条评论,上海人民出版社,置身事内：中国政府与经济发展（罗永浩、罗振宇、何帆、刘格菘、张军、周黎安、王烁联袂推荐，复旦经院毕业课）,"
    		得到年度书单Top10！从微观机制到宏观现象，双重维度认识中国经济中的政府。搭建经济学理论与中国发展实际之间的桥梁，打通学界前沿研究与业界实证案例，解锁看懂政经消息的全新视角！    	"
加西亚·马尔克斯,2080953条评论,南海出版公司,马尔克斯：百年孤独（50周年纪念版）,"
    		新版典藏内封。加西亚·马尔克斯代表作，惟一正式中文版，未作任何删节，发行量超800万册！    	"
东野圭吾,1947162条评论,南海出版公司,东野圭吾：白夜行（易烊千玺、孟非推荐，东野圭吾作品无冕之王）,"
    		易烊千玺、罗云熙、张子枫推荐，东野圭吾作品无冕之·王。我一直走在白夜里，从来就没有太阳，所以不怕失去。中文版发行量超600万册。    	"
哈珀·李,616128条评论,译林出版社,杀死一只知更鸟（豆瓣9.2，关于勇气与正义的成长教科书，影响全球5000万家庭的“教养宝典”，奥巴马、贝克汉姆、奥普拉鼎力推荐）,"
    		豆瓣9.2高分！豆瓣外国小说Top100第13名！写出孩子心中直觉的是非观念，社会公正。阐释正义，勇气，赤子之心！罗翔推荐，罗翔书单推荐。    	"
陈行甲,72079条评论,人民日报出版社,在峡江的转弯处：陈行甲人生笔记（南方周末、万圣书园2021十大好书）(新旧版随机发货),"
    		经历过辉煌与荒芜，忠于灵魂，重启人生。 他的人生之路，远看是前行，近看是归乡。全国优秀县委书记陈行甲自传体随笔。团购电话：4001066666转6    	"
刘慈欣,1817698条评论,重庆出版社,三体：全三册 刘慈欣代表作，亚洲“雨果奖”获奖作品！,"
    		《三体》第73届世界科幻雨果奖获奖作品，银河奖特别奖，《三体3》轨迹奖长篇科幻小说！2017年世界雨果奖提名作品。    	"
希阿荣博堪布,653406条评论,海南出版社,次第花开 修订版,"
    		2017全新修订，新增上师数千字再版序言.希阿荣博堪布的现代心灵开示，解开藏人精神愉悦的秘密。陈坤、张嘉译、任鲁豫、李修平、樊登、马未都、何东、程然等盛情推荐.    	"
